id,BTSID,StartTime,EndTime,Lat,Long,ServiceID,ServiceResource,ServiceExecutionTime,startSec,user_id,month,date,weekday,only_date
1,1023,2014-06-28 00:00:03,2014-06-28 00:00:05,31.105808,121.038742,2,0.5,2,0,1070,201406,28,5,2014-06-28
2,572,2014-06-28 00:00:04,2014-06-28 00:00:08,31.155344,121.2025,3,0.8,4,1,554,201406,28,5,2014-06-28
3,946,2014-06-28 00:00:04,2014-06-28 00:00:08,31.054947,120.995325,3,0.8,4,1,1044,201406,28,5,2014-06-28
4,37,2014-06-28 00:00:04,2014-06-28 00:01:14,31.273451,121.681542,13,14.0,70,1,231,201406,28,5,2014-06-28
5,656,2014-06-28 00:00:08,2014-06-28 00:00:12,31.098701,121.582178,3,0.8,4,5,2137,201406,28,5,2014-06-28
6,393,2014-06-28 00:00:13,2014-06-28 00:01:13,31.33167,121.440751,12,12.0,60,10,4611,201406,28,5,2014-06-28
7,808,2014-06-28 00:00:13,2014-06-28 00:00:15,31.26748,121.57859,2,0.5,2,10,2056,201406,28,5,2014-06-28
8,705,2014-06-28 00:00:13,2014-06-28 00:00:43,31.217516,121.452872,9,10.0,30,10,74,201406,28,5,2014-06-28
9,464,2014-06-28 00:00:14,2014-06-28 00:00:18,31.125467,121.581832,3,0.8,4,11,115,201406,28,5,2014-06-28
10,138,2014-06-28 00:00:14,2014-06-28 00:00:16,31.180753,121.749174,2,0.5,2,11,2817,201406,28,5,2014-06-28
11,14,2014-06-28 00:00:17,2014-06-28 00:00:32,31.298668,121.541944,6,2.0,15,14,5621,201406,28,5,2014-06-28
12,376,2014-06-28 00:00:18,2014-06-28 00:00:19,31.174053,121.282683,1,0.2,1,15,445,201406,28,5,2014-06-28
13,621,2014-06-28 00:00:19,2014-06-28 00:00:59,31.402222,121.493387,10,10.0,40,16,1379,201406,28,5,2014-06-28
14,289,2014-06-28 00:00:27,2014-06-28 00:00:52,31.260835,121.366953,8,7.0,25,24,1422,201406,28,5,2014-06-28
15,1075,2014-06-28 00:00:41,2014-06-28 00:02:11,31.273982,121.512661,14,15.0,90,38,2494,201406,28,5,2014-06-28
16,474,2014-06-28 00:00:48,2014-06-28 00:01:13,31.208346,121.544892,7,4.0,25,45,5830,201406,28,5,2014-06-28
17,777,2014-06-28 00:00:50,2014-06-28 00:00:52,31.307198,121.511929,2,0.5,2,47,1812,201406,28,5,2014-06-28
18,362,2014-06-28 00:00:50,2014-06-28 00:01:50,31.348418,121.427796,12,12.0,60,47,3192,201406,28,5,2014-06-28
19,96,2014-06-28 00:00:51,2014-06-28 00:02:21,31.109649,121.402441,14,15.0,90,48,2879,201406,28,5,2014-06-28
20,529,2014-06-28 00:00:53,2014-06-28 00:00:54,31.159304,121.358718,1,0.2,1,50,560,201406,28,5,2014-06-28
21,973,2014-06-28 00:00:59,2014-06-28 00:01:09,31.358014,121.37617,5,2.0,10,56,1556,201406,28,5,2014-06-28
22,217,2014-06-28 00:00:59,2014-06-28 00:01:00,31.209025,121.616514,1,0.2,1,56,1947,201406,28,5,2014-06-28
23,33,2014-06-28 00:01:03,2014-06-28 00:01:13,31.134254,121.280533,5,2.0,10,60,903,201406,28,5,2014-06-28
24,80,2014-06-28 00:01:03,2014-06-28 00:01:43,31.183857,121.637321,10,10.0,40,60,2085,201406,28,5,2014-06-28
25,217,2014-06-28 00:01:07,2014-06-28 00:01:17,31.209025,121.616514,5,2.0,10,64,2264,201406,28,5,2014-06-28
26,992,2014-06-28 00:01:10,2014-06-28 00:01:25,31.237022,121.546184,6,2.0,15,67,5213,201406,28,5,2014-06-28
27,312,2014-06-28 00:01:11,2014-06-28 00:01:26,31.163459,121.574025,6,2.0,15,68,5969,201406,28,5,2014-06-28
28,322,2014-06-28 00:01:16,2014-06-28 00:02:26,31.141245,121.500503,13,14.0,70,73,374,201406,28,5,2014-06-28
29,703,2014-06-28 00:01:18,2014-06-28 00:01:28,31.171972,121.140685,5,2.0,10,75,1109,201406,28,5,2014-06-28
30,648,2014-06-28 00:01:21,2014-06-28 00:01:31,31.121152,121.141999,5,2.0,10,78,979,201406,28,5,2014-06-28
31,261,2014-06-28 00:01:22,2014-06-28 00:01:32,31.337218,121.465181,5,2.0,10,79,1328,201406,28,5,2014-06-28
32,1358,2014-06-28 00:01:23,2014-06-28 00:01:30,31.00816,121.274391,4,1.5,7,80,789,201406,28,5,2014-06-28
33,191,2014-06-28 00:01:23,2014-06-28 00:01:38,31.268642,121.332479,6,2.0,15,80,1638,201406,28,5,2014-06-28
34,851,2014-06-28 00:01:28,2014-06-28 00:01:43,31.139657,121.298915,6,2.0,15,85,257,201406,28,5,2014-06-28
35,17,2014-06-28 00:01:32,2014-06-28 00:01:33,31.327319,121.462047,1,0.2,1,89,320,201406,28,5,2014-06-28
36,17,2014-06-28 00:01:35,2014-06-28 00:01:42,31.327319,121.462047,4,1.5,7,92,320,201406,28,5,2014-06-28
37,456,2014-06-28 00:01:37,2014-06-28 00:01:38,31.344675,121.443963,1,0.2,1,94,213,201406,28,5,2014-06-28
38,383,2014-06-28 00:01:43,2014-06-28 00:02:08,31.109806,121.242241,8,7.0,25,100,772,201406,28,5,2014-06-28
39,252,2014-06-28 00:01:44,2014-06-28 00:01:48,31.099642,121.449578,3,0.8,4,101,536,201406,28,5,2014-06-28
40,1028,2014-06-28 00:01:46,2014-06-28 00:01:48,31.283959,121.416644,2,0.5,2,103,92,201406,28,5,2014-06-28
41,706,2014-06-28 00:01:52,2014-06-28 00:02:02,31.146551,121.235394,5,2.0,10,109,7767,201406,28,5,2014-06-28
42,1085,2014-06-28 00:01:56,2014-06-28 00:01:58,31.141982,121.459872,2,0.5,2,113,689,201406,28,5,2014-06-28
43,221,2014-06-28 00:01:56,2014-06-28 00:02:56,31.190389,121.457678,12,12.0,60,113,2166,201406,28,5,2014-06-28
44,966,2014-06-28 00:02:04,2014-06-28 00:02:06,31.036404,121.272345,2,0.5,2,121,515,201406,28,5,2014-06-28
45,462,2014-06-28 00:02:06,2014-06-28 00:02:36,31.19107,121.554321,9,10.0,30,123,5506,201406,28,5,2014-06-28
46,967,2014-06-28 00:02:06,2014-06-28 00:02:07,31.244292,121.495265,1,0.2,1,123,7652,201406,28,5,2014-06-28
47,744,2014-06-28 00:02:07,2014-06-28 00:02:14,31.085146,121.589124,4,1.5,7,124,1875,201406,28,5,2014-06-28
48,116,2014-06-28 00:02:07,2014-06-28 00:02:08,31.36124,121.451839,1,0.2,1,124,7868,201406,28,5,2014-06-28
49,562,2014-06-28 00:02:15,2014-06-28 00:02:17,31.254111,121.408424,2,0.5,2,132,3845,201406,28,5,2014-06-28
50,774,2014-06-28 00:02:16,2014-06-28 00:03:06,31.304918,121.497837,11,11.0,50,133,348,201406,28,5,2014-06-28
51,562,2014-06-28 00:02:18,2014-06-28 00:02:28,31.254111,121.408424,5,2.0,10,135,3845,201406,28,5,2014-06-28
52,1058,2014-06-28 00:02:18,2014-06-28 00:03:18,31.197573,121.37641,12,12.0,60,135,1534,201406,28,5,2014-06-28
53,801,2014-06-28 00:02:25,2014-06-28 00:02:35,31.198836,121.215066,5,2.0,10,142,1479,201406,28,5,2014-06-28
54,53,2014-06-28 00:02:27,2014-06-28 00:02:29,31.082701,121.448694,2,0.5,2,144,1186,201406,28,5,2014-06-28
55,272,2014-06-28 00:02:31,2014-06-28 00:02:46,31.252105,121.56398,6,2.0,15,148,2011,201406,28,5,2014-06-28
56,627,2014-06-28 00:02:32,2014-06-28 00:02:39,31.11674,121.586334,4,1.5,7,149,2824,201406,28,5,2014-06-28
57,720,2014-06-28 00:02:35,2014-06-28 00:02:36,31.183323,121.447822,1,0.2,1,152,2225,201406,28,5,2014-06-28
58,375,2014-06-28 00:02:37,2014-06-28 00:02:39,31.102445,121.413911,2,0.5,2,154,731,201406,28,5,2014-06-28
59,321,2014-06-28 00:02:43,2014-06-28 00:02:47,31.192915,121.682688,3,0.8,4,160,2869,201406,28,5,2014-06-28
60,550,2014-06-28 00:02:45,2014-06-28 00:02:46,31.111821,121.385462,1,0.2,1,162,3088,201406,28,5,2014-06-28
61,564,2014-06-28 00:02:50,2014-06-28 00:04:00,31.209644,121.56447,13,14.0,70,167,8012,201406,28,5,2014-06-28
62,505,2014-06-28 00:02:56,2014-06-28 00:02:58,31.151539,121.41109,2,0.5,2,173,7636,201406,28,5,2014-06-28
63,419,2014-06-28 00:02:57,2014-06-28 00:02:59,31.197909,121.426542,2,0.5,2,174,744,201406,28,5,2014-06-28
64,524,2014-06-28 00:03:01,2014-06-28 00:03:08,31.29092,121.359453,4,1.5,7,178,1640,201406,28,5,2014-06-28
65,688,2014-06-28 00:03:02,2014-06-28 00:03:32,31.32719,121.53013,9,10.0,30,179,8201,201406,28,5,2014-06-28
66,829,2014-06-28 00:03:03,2014-06-28 00:03:13,31.157241,121.418919,5,2.0,10,180,2331,201406,28,5,2014-06-28
67,708,2014-06-28 00:03:05,2014-06-28 00:03:30,31.204179,121.538588,7,4.0,25,182,1903,201406,28,5,2014-06-28
68,122,2014-06-28 00:03:10,2014-06-28 00:03:20,31.273767,121.222048,5,2.0,10,187,7812,201406,28,5,2014-06-28
69,36,2014-06-28 00:03:12,2014-06-28 00:04:42,31.255582,121.363523,14,15.0,90,189,7650,201406,28,5,2014-06-28
70,1200,2014-06-28 00:03:18,2014-06-28 00:03:20,31.415226,121.349387,2,0.5,2,195,2673,201406,28,5,2014-06-28
71,141,2014-06-28 00:03:21,2014-06-28 00:03:25,31.246106,121.443663,3,0.8,4,198,1613,201406,28,5,2014-06-28
72,808,2014-06-28 00:03:22,2014-06-28 00:03:52,31.26748,121.57859,9,10.0,30,199,897,201406,28,5,2014-06-28
73,812,2014-06-28 00:03:28,2014-06-28 00:04:18,30.947965,121.640593,11,11.0,50,205,2788,201406,28,5,2014-06-28
74,429,2014-06-28 00:03:31,2014-06-28 00:03:38,31.311942,121.54204,4,1.5,7,208,3837,201406,28,5,2014-06-28
75,5,2014-06-28 00:03:36,2014-06-28 00:04:26,31.250826,121.578689,11,11.0,50,213,8375,201406,28,5,2014-06-28
76,1454,2014-06-28 00:03:37,2014-06-28 00:03:47,30.935874,121.692581,5,2.0,10,214,4662,201406,28,5,2014-06-28
77,303,2014-06-28 00:03:39,2014-06-28 00:03:40,31.096325,121.341209,1,0.2,1,216,5745,201406,28,5,2014-06-28
78,784,2014-06-28 00:03:40,2014-06-28 00:04:05,31.230201,121.308739,8,7.0,25,217,1509,201406,28,5,2014-06-28
79,726,2014-06-28 00:03:51,2014-06-28 00:04:16,31.120822,121.29001,7,4.0,25,228,670,201406,28,5,2014-06-28
80,181,2014-06-28 00:03:57,2014-06-28 00:04:22,31.247155,121.23112,7,4.0,25,234,1703,201406,28,5,2014-06-28
81,1394,2014-06-28 00:04:02,2014-06-28 00:04:27,31.469563,121.384552,7,4.0,25,239,1691,201406,28,5,2014-06-28
82,791,2014-06-28 00:04:05,2014-06-28 00:04:12,31.213728,121.386102,4,1.5,7,242,7928,201406,28,5,2014-06-28
83,880,2014-06-28 00:04:12,2014-06-28 00:04:13,31.138371,121.416975,1,0.2,1,249,7672,201406,28,5,2014-06-28
84,345,2014-06-28 00:04:16,2014-06-28 00:04:20,31.019246,121.250749,3,0.8,4,253,969,201406,28,5,2014-06-28
85,1344,2014-06-28 00:04:21,2014-06-28 00:04:36,31.041182,121.739041,6,2.0,15,258,2650,201406,28,5,2014-06-28
86,47,2014-06-28 00:04:23,2014-06-28 00:04:24,31.140384,121.620758,1,0.2,1,260,2898,201406,28,5,2014-06-28
87,601,2014-06-28 00:04:33,2014-06-28 00:04:34,31.281813,121.354285,1,0.2,1,270,3610,201406,28,5,2014-06-28
88,258,2014-06-28 00:04:37,2014-06-28 00:04:38,31.270626,121.5908,1,0.2,1,274,73,201406,28,5,2014-06-28
89,314,2014-06-28 00:04:39,2014-06-28 00:05:04,31.233973,121.41641,7,4.0,25,276,890,201406,28,5,2014-06-28
90,8,2014-06-28 00:04:46,2014-06-28 00:04:48,31.355465,121.412867,2,0.5,2,283,504,201406,28,5,2014-06-28
91,662,2014-06-28 00:05:01,2014-06-28 00:05:41,31.22135,121.391319,10,10.0,40,298,318,201406,28,5,2014-06-28
92,919,2014-06-28 00:05:04,2014-06-28 00:05:54,31.120753,121.381579,11,11.0,50,301,493,201406,28,5,2014-06-28
93,724,2014-06-28 00:05:05,2014-06-28 00:05:45,31.274417,121.257132,10,10.0,40,302,915,201406,28,5,2014-06-28
94,487,2014-06-28 00:05:08,2014-06-28 00:05:38,31.116903,121.595022,9,10.0,30,305,8020,201406,28,5,2014-06-28
95,243,2014-06-28 00:05:10,2014-06-28 00:05:50,31.286022,121.497436,10,10.0,40,307,1378,201406,28,5,2014-06-28
96,435,2014-06-28 00:05:13,2014-06-28 00:05:38,31.200882,121.446511,8,7.0,25,310,1376,201406,28,5,2014-06-28
97,1287,2014-06-28 00:05:16,2014-06-28 00:05:18,31.318438,121.497035,2,0.5,2,313,498,201406,28,5,2014-06-28
98,501,2014-06-28 00:05:23,2014-06-28 00:05:30,31.134548,121.39095,4,1.5,7,320,2342,201406,28,5,2014-06-28
99,1319,2014-06-28 00:05:26,2014-06-28 00:05:30,30.891109,121.903749,3,0.8,4,323,3857,201406,28,5,2014-06-28
100,405,2014-06-28 00:05:28,2014-06-28 00:05:53,31.120602,121.581473,8,7.0,25,325,3540,201406,28,5,2014-06-28
101,53,2014-06-28 00:05:28,2014-06-28 00:05:29,31.082701,121.448694,1,0.2,1,325,587,201406,28,5,2014-06-28
102,720,2014-06-28 00:05:33,2014-06-28 00:05:35,31.183323,121.447822,2,0.5,2,330,2225,201406,28,5,2014-06-28
103,540,2014-06-28 00:05:33,2014-06-28 00:05:48,31.020065,121.23311,6,2.0,15,330,788,201406,28,5,2014-06-28
104,786,2014-06-28 00:05:34,2014-06-28 00:06:24,31.240478,121.526884,11,11.0,50,331,17,201406,28,5,2014-06-28
105,105,2014-06-28 00:05:47,2014-06-28 00:05:51,31.114038,121.415096,3,0.8,4,344,860,201406,28,5,2014-06-28
106,519,2014-06-28 00:05:49,2014-06-28 00:05:59,31.220434,121.408625,5,2.0,10,346,5971,201406,28,5,2014-06-28
107,1319,2014-06-28 00:05:53,2014-06-28 00:05:57,30.891109,121.903749,3,0.8,4,350,3857,201406,28,5,2014-06-28
108,292,2014-06-28 00:05:56,2014-06-28 00:07:06,31.104981,121.360938,13,14.0,70,353,499,201406,28,5,2014-06-28
109,996,2014-06-28 00:06:05,2014-06-28 00:06:07,31.22255,121.440445,2,0.5,2,362,7933,201406,28,5,2014-06-28
110,311,2014-06-28 00:06:15,2014-06-28 00:06:17,31.142941,121.443942,2,0.5,2,372,958,201406,28,5,2014-06-28
111,330,2014-06-28 00:06:15,2014-06-28 00:06:17,31.131231,121.398758,2,0.5,2,372,569,201406,28,5,2014-06-28
112,403,2014-06-28 00:06:18,2014-06-28 00:06:19,31.157536,121.203337,1,0.2,1,375,549,201406,28,5,2014-06-28
113,290,2014-06-28 00:06:21,2014-06-28 00:06:25,31.137509,121.40768,3,0.8,4,378,339,201406,28,5,2014-06-28
114,533,2014-06-28 00:06:21,2014-06-28 00:06:46,31.248587,121.277434,7,4.0,25,378,3713,201406,28,5,2014-06-28
115,86,2014-06-28 00:06:28,2014-06-28 00:07:18,31.236856,121.40554,11,11.0,50,385,2365,201406,28,5,2014-06-28
116,340,2014-06-28 00:06:32,2014-06-28 00:06:57,31.267266,121.385292,7,4.0,25,389,1683,201406,28,5,2014-06-28
117,615,2014-06-28 00:06:34,2014-06-28 00:06:59,31.181485,121.520026,8,7.0,25,391,8486,201406,28,5,2014-06-28
118,332,2014-06-28 00:06:34,2014-06-28 00:06:36,31.218201,121.487151,2,0.5,2,391,412,201406,28,5,2014-06-28
119,457,2014-06-28 00:06:35,2014-06-28 00:07:05,31.211107,121.59082,9,10.0,30,392,1997,201406,28,5,2014-06-28
120,874,2014-06-28 00:06:47,2014-06-28 00:06:49,31.460409,121.401649,2,0.5,2,404,1340,201406,28,5,2014-06-28
121,80,2014-06-28 00:06:47,2014-06-28 00:06:57,31.183857,121.637321,5,2.0,10,404,2085,201406,28,5,2014-06-28
122,615,2014-06-28 00:06:49,2014-06-28 00:07:49,31.181485,121.520026,12,12.0,60,406,8486,201406,28,5,2014-06-28
123,1463,2014-06-28 00:06:58,2014-06-28 00:07:02,31.292718,121.410291,3,0.8,4,415,1458,201406,28,5,2014-06-28
124,434,2014-06-28 00:07:08,2014-06-28 00:07:23,31.164195,121.330502,6,2.0,15,425,4639,201406,28,5,2014-06-28
125,287,2014-06-28 00:07:21,2014-06-28 00:07:23,30.723654,121.330778,2,0.5,2,438,1237,201406,28,5,2014-06-28
126,461,2014-06-28 00:07:30,2014-06-28 00:10:00,31.25393,121.455087,15,20.0,150,447,2452,201406,28,5,2014-06-28
127,514,2014-06-28 00:07:32,2014-06-28 00:08:12,31.236728,121.42407,10,10.0,40,449,2247,201406,28,5,2014-06-28
128,1388,2014-06-28 00:07:34,2014-06-28 00:07:35,30.9269,121.467678,1,0.2,1,451,2695,201406,28,5,2014-06-28
129,181,2014-06-28 00:07:34,2014-06-28 00:07:41,31.247155,121.23112,4,1.5,7,451,1703,201406,28,5,2014-06-28
130,262,2014-06-28 00:07:44,2014-06-28 00:07:45,31.215428,121.660427,1,0.2,1,461,2026,201406,28,5,2014-06-28
131,368,2014-06-28 00:07:53,2014-06-28 00:07:57,31.095884,121.350551,3,0.8,4,470,7732,201406,28,5,2014-06-28
132,461,2014-06-28 00:07:53,2014-06-28 00:08:00,31.25393,121.455087,4,1.5,7,470,2452,201406,28,5,2014-06-28
133,1232,2014-06-28 00:08:04,2014-06-28 00:08:19,31.412982,121.496282,6,2.0,15,481,1573,201406,28,5,2014-06-28
134,345,2014-06-28 00:08:05,2014-06-28 00:08:06,31.019246,121.250749,1,0.2,1,482,969,201406,28,5,2014-06-28
135,627,2014-06-28 00:08:20,2014-06-28 00:09:10,31.11674,121.586334,11,11.0,50,497,2825,201406,28,5,2014-06-28
136,1319,2014-06-28 00:08:41,2014-06-28 00:09:21,30.891109,121.903749,10,10.0,40,518,3857,201406,28,5,2014-06-28
137,1319,2014-06-28 00:08:41,2014-06-28 00:09:41,30.891109,121.903749,12,12.0,60,518,3857,201406,28,5,2014-06-28
138,287,2014-06-28 00:08:41,2014-06-28 00:09:41,30.723654,121.330778,12,12.0,60,518,1237,201406,28,5,2014-06-28
139,418,2014-06-28 00:08:45,2014-06-28 00:10:15,31.015959,121.227509,14,15.0,90,522,3095,201406,28,5,2014-06-28
140,1463,2014-06-28 00:08:53,2014-06-28 00:09:03,31.292718,121.410291,5,2.0,10,530,1314,201406,28,5,2014-06-28
141,323,2014-06-28 00:08:58,2014-06-28 00:09:23,31.121932,121.33481,8,7.0,25,535,3124,201406,28,5,2014-06-28
142,61,2014-06-28 00:08:59,2014-06-28 00:09:03,31.242627,121.730079,3,0.8,4,536,2948,201406,28,5,2014-06-28
143,794,2014-06-28 00:09:02,2014-06-28 00:09:06,31.242365,121.503571,3,0.8,4,539,8304,201406,28,5,2014-06-28
144,368,2014-06-28 00:09:12,2014-06-28 00:09:37,31.095884,121.350551,7,4.0,25,549,862,201406,28,5,2014-06-28
145,1110,2014-06-28 00:09:12,2014-06-28 00:10:42,31.410741,121.442349,14,15.0,90,549,1719,201406,28,5,2014-06-28
146,541,2014-06-28 00:09:12,2014-06-28 00:09:37,31.015452,121.154814,8,7.0,25,549,841,201406,28,5,2014-06-28
147,509,2014-06-28 00:09:24,2014-06-28 00:09:49,31.213015,121.547755,8,7.0,25,561,1886,201406,28,5,2014-06-28
148,806,2014-06-28 00:09:25,2014-06-28 00:09:32,31.257553,121.311711,4,1.5,7,562,1698,201406,28,5,2014-06-28
149,169,2014-06-28 00:09:27,2014-06-28 00:09:52,30.991472,121.430726,8,7.0,25,564,3000,201406,28,5,2014-06-28
150,303,2014-06-28 00:09:32,2014-06-28 00:09:34,31.096325,121.341209,2,0.5,2,569,7715,201406,28,5,2014-06-28
151,843,2014-06-28 00:09:33,2014-06-28 00:11:03,31.425786,121.422506,14,15.0,90,570,1478,201406,28,5,2014-06-28
152,27,2014-06-28 00:09:33,2014-06-28 00:09:37,31.113744,121.341878,3,0.8,4,570,873,201406,28,5,2014-06-28
153,441,2014-06-28 00:09:35,2014-06-28 00:09:37,31.25007,121.546845,2,0.5,2,572,2046,201406,28,5,2014-06-28
154,327,2014-06-28 00:09:56,2014-06-28 00:10:00,31.206194,121.456569,3,0.8,4,593,74,201406,28,5,2014-06-28
155,48,2014-06-28 00:09:57,2014-06-28 00:09:59,34.638922,119.467017,2,0.5,2,594,208,201406,28,5,2014-06-28
156,200,2014-06-28 00:10:00,2014-06-28 00:10:04,31.343106,121.455682,3,0.8,4,597,1319,201406,28,5,2014-06-28
157,828,2014-06-28 00:10:01,2014-06-28 00:10:03,31.059755,121.389723,2,0.5,2,598,966,201406,28,5,2014-06-28
158,13,2014-06-28 00:10:04,2014-06-28 00:12:34,31.254534,121.34772,15,20.0,150,601,2388,201406,28,5,2014-06-28
159,330,2014-06-28 00:10:05,2014-06-28 00:11:35,31.131231,121.398758,14,15.0,90,602,3083,201406,28,5,2014-06-28
160,27,2014-06-28 00:10:06,2014-06-28 00:10:36,31.113744,121.341878,9,10.0,30,603,873,201406,28,5,2014-06-28
161,676,2014-06-28 00:10:08,2014-06-28 00:10:18,31.318369,121.407014,5,2.0,10,605,1401,201406,28,5,2014-06-28
162,415,2014-06-28 00:10:12,2014-06-28 00:10:27,31.265,121.48958,6,2.0,15,609,7978,201406,28,5,2014-06-28
163,741,2014-06-28 00:10:13,2014-06-28 00:10:17,31.225831,121.412695,3,0.8,4,610,1447,201406,28,5,2014-06-28
164,430,2014-06-28 00:10:23,2014-06-28 00:11:53,31.217372,121.460724,14,15.0,90,620,3834,201406,28,5,2014-06-28
165,347,2014-06-28 00:10:26,2014-06-28 00:10:33,31.13107,121.298444,4,1.5,7,623,3156,201406,28,5,2014-06-28
166,55,2014-06-28 00:10:28,2014-06-28 00:10:30,31.420016,121.44113,2,0.5,2,625,1151,201406,28,5,2014-06-28
167,1287,2014-06-28 00:10:29,2014-06-28 00:11:19,31.318438,121.497035,11,11.0,50,626,1492,201406,28,5,2014-06-28
168,569,2014-06-28 00:10:37,2014-06-28 00:10:52,31.05799,121.626154,6,2.0,15,634,2859,201406,28,5,2014-06-28
169,1185,2014-06-28 00:10:43,2014-06-28 00:10:50,31.195613,121.40425,4,1.5,7,640,3176,201406,28,5,2014-06-28
170,1071,2014-06-28 00:10:51,2014-06-28 00:11:21,31.247009,121.47942,9,10.0,30,648,2576,201406,28,5,2014-06-28
171,1287,2014-06-28 00:10:51,2014-06-28 00:11:16,31.318438,121.497035,8,7.0,25,648,1492,201406,28,5,2014-06-28
172,858,2014-06-28 00:10:57,2014-06-28 00:11:07,31.069757,121.399847,5,2.0,10,654,5896,201406,28,5,2014-06-28
173,736,2014-06-28 00:11:03,2014-06-28 00:11:43,31.156874,121.348458,10,10.0,40,660,2131,201406,28,5,2014-06-28
174,258,2014-06-28 00:11:13,2014-06-28 00:11:43,31.270626,121.5908,9,10.0,30,670,2132,201406,28,5,2014-06-28
175,274,2014-06-28 00:11:15,2014-06-28 00:11:17,31.030356,121.535809,2,0.5,2,672,2737,201406,28,5,2014-06-28
176,943,2014-06-28 00:11:18,2014-06-28 00:11:48,31.116535,121.678055,9,10.0,30,675,4294,201406,28,5,2014-06-28
177,274,2014-06-28 00:11:21,2014-06-28 00:12:01,31.030356,121.535809,10,10.0,40,678,2737,201406,28,5,2014-06-28
178,709,2014-06-28 00:11:25,2014-06-28 00:12:25,31.191847,121.381117,12,12.0,60,682,2199,201406,28,5,2014-06-28
179,264,2014-06-28 00:11:29,2014-06-28 00:11:30,31.324464,121.387532,1,0.2,1,686,224,201406,28,5,2014-06-28
180,45,2014-06-28 00:11:33,2014-06-28 00:12:33,31.116021,121.287621,12,12.0,60,690,903,201406,28,5,2014-06-28
181,978,2014-06-28 00:11:37,2014-06-28 00:12:37,31.459342,121.319364,12,12.0,60,694,7724,201406,28,5,2014-06-28
182,507,2014-06-28 00:11:39,2014-06-28 00:11:40,31.132785,121.413457,1,0.2,1,696,755,201406,28,5,2014-06-28
183,57,2014-06-28 00:11:40,2014-06-28 00:11:42,31.124664,121.323455,2,0.5,2,697,630,201406,28,5,2014-06-28
184,330,2014-06-28 00:11:44,2014-06-28 00:12:54,31.131231,121.398758,13,14.0,70,701,3083,201406,28,5,2014-06-28
185,251,2014-06-28 00:11:55,2014-06-28 00:11:56,31.326648,121.304442,1,0.2,1,712,1813,201406,28,5,2014-06-28
186,1232,2014-06-28 00:11:58,2014-06-28 00:12:38,31.412982,121.496282,10,10.0,40,715,1563,201406,28,5,2014-06-28
187,113,2014-06-28 00:12:05,2014-06-28 00:12:06,31.32712,121.254377,1,0.2,1,722,7684,201406,28,5,2014-06-28
188,505,2014-06-28 00:12:05,2014-06-28 00:12:45,31.151539,121.41109,10,10.0,40,722,181,201406,28,5,2014-06-28
189,906,2014-06-28 00:12:05,2014-06-28 00:12:06,31.199721,121.325753,1,0.2,1,722,35,201406,28,5,2014-06-28
190,188,2014-06-28 00:12:10,2014-06-28 00:12:11,31.273019,121.307617,1,0.2,1,727,1623,201406,28,5,2014-06-28
191,679,2014-06-28 00:12:17,2014-06-28 00:12:24,31.299261,121.578516,4,1.5,7,734,2127,201406,28,5,2014-06-28
192,79,2014-06-28 00:12:17,2014-06-28 00:12:57,31.307268,121.521916,10,10.0,40,734,3029,201406,28,5,2014-06-28
193,266,2014-06-28 00:12:25,2014-06-28 00:12:50,31.175318,121.181299,7,4.0,25,742,1479,201406,28,5,2014-06-28
194,534,2014-06-28 00:12:25,2014-06-28 00:13:15,31.211574,121.366182,11,11.0,50,742,7962,201406,28,5,2014-06-28
195,435,2014-06-28 00:12:28,2014-06-28 00:12:53,31.200882,121.446511,7,4.0,25,745,1376,201406,28,5,2014-06-28
196,293,2014-06-28 00:12:29,2014-06-28 00:13:59,31.143774,121.519955,14,15.0,90,746,2049,201406,28,5,2014-06-28
197,1080,2014-06-28 00:12:31,2014-06-28 00:12:41,31.160355,121.454785,5,2.0,10,748,679,201406,28,5,2014-06-28
198,720,2014-06-28 00:12:35,2014-06-28 00:12:42,31.183323,121.447822,4,1.5,7,752,2225,201406,28,5,2014-06-28
199,922,2014-06-28 00:12:46,2014-06-28 00:13:01,31.163393,121.381735,6,2.0,15,763,718,201406,28,5,2014-06-28
200,496,2014-06-28 00:12:47,2014-06-28 00:13:02,31.158559,121.319801,6,2.0,15,764,662,201406,28,5,2014-06-28
201,470,2014-06-28 00:12:52,2014-06-28 00:12:53,31.025763,121.541983,1,0.2,1,769,5211,201406,28,5,2014-06-28
202,601,2014-06-28 00:12:58,2014-06-28 00:13:00,31.281813,121.354285,2,0.5,2,775,7829,201406,28,5,2014-06-28
203,1293,2014-06-28 00:13:00,2014-06-28 00:13:25,31.265054,121.456413,8,7.0,25,777,2147,201406,28,5,2014-06-28
204,748,2014-06-28 00:13:02,2014-06-28 00:13:27,31.312825,121.491112,8,7.0,25,779,144,201406,28,5,2014-06-28
205,769,2014-06-28 00:13:04,2014-06-28 00:14:14,31.241036,121.374063,13,14.0,70,781,1445,201406,28,5,2014-06-28
206,660,2014-06-28 00:13:08,2014-06-28 00:13:09,31.250674,121.47282,1,0.2,1,785,74,201406,28,5,2014-06-28
207,532,2014-06-28 00:13:24,2014-06-28 00:13:26,31.223665,121.458791,2,0.5,2,801,143,201406,28,5,2014-06-28
208,90,2014-06-28 00:13:27,2014-06-28 00:13:28,31.146522,121.352501,1,0.2,1,804,6487,201406,28,5,2014-06-28
209,649,2014-06-28 00:13:37,2014-06-28 00:13:38,31.186628,121.372116,1,0.2,1,814,509,201406,28,5,2014-06-28
210,50,2014-06-28 00:13:37,2014-06-28 00:13:47,31.247519,121.322265,5,2.0,10,814,1758,201406,28,5,2014-06-28
211,474,2014-06-28 00:13:45,2014-06-28 00:13:47,31.208346,121.544892,2,0.5,2,822,1941,201406,28,5,2014-06-28
212,728,2014-06-28 00:13:52,2014-06-28 00:13:53,31.301877,121.353206,1,0.2,1,829,1618,201406,28,5,2014-06-28
213,347,2014-06-28 00:13:52,2014-06-28 00:14:07,31.13107,121.298444,6,2.0,15,829,1029,201406,28,5,2014-06-28
214,91,2014-06-28 00:13:55,2014-06-28 00:14:35,31.17939,121.754087,10,10.0,40,832,2812,201406,28,5,2014-06-28
215,321,2014-06-28 00:14:01,2014-06-28 00:14:08,31.192915,121.682688,4,1.5,7,838,3690,201406,28,5,2014-06-28
216,635,2014-06-28 00:14:07,2014-06-28 00:14:08,31.145439,121.417433,1,0.2,1,844,7673,201406,28,5,2014-06-28
217,44,2014-06-28 00:14:11,2014-06-28 00:14:36,31.285741,121.626244,8,7.0,25,848,8023,201406,28,5,2014-06-28
218,627,2014-06-28 00:14:18,2014-06-28 00:14:33,31.11674,121.586334,6,2.0,15,855,2822,201406,28,5,2014-06-28
219,147,2014-06-28 00:14:21,2014-06-28 00:14:25,31.050708,121.217094,3,0.8,4,858,806,201406,28,5,2014-06-28
220,165,2014-06-28 00:14:23,2014-06-28 00:14:25,31.127217,121.335543,2,0.5,2,860,6599,201406,28,5,2014-06-28
221,194,2014-06-28 00:14:25,2014-06-28 00:14:27,31.069261,121.375484,2,0.5,2,862,966,201406,28,5,2014-06-28
222,774,2014-06-28 00:14:27,2014-06-28 00:14:37,31.304918,121.497837,5,2.0,10,864,3029,201406,28,5,2014-06-28
223,467,2014-06-28 00:14:27,2014-06-28 00:14:29,31.058092,121.235964,2,0.5,2,864,83,201406,28,5,2014-06-28
224,843,2014-06-28 00:14:28,2014-06-28 00:14:53,31.425786,121.422506,7,4.0,25,865,1825,201406,28,5,2014-06-28
225,774,2014-06-28 00:14:31,2014-06-28 00:14:33,31.304918,121.497837,2,0.5,2,868,348,201406,28,5,2014-06-28
226,647,2014-06-28 00:14:35,2014-06-28 00:14:36,31.239726,121.139516,1,0.2,1,872,1677,201406,28,5,2014-06-28
227,402,2014-06-28 00:14:36,2014-06-28 00:14:38,31.255905,121.430231,2,0.5,2,873,7979,201406,28,5,2014-06-28
228,621,2014-06-28 00:14:37,2014-06-28 00:14:38,31.402222,121.493387,1,0.2,1,874,1379,201406,28,5,2014-06-28
229,527,2014-06-28 00:14:43,2014-06-28 00:14:50,31.26338,121.433161,4,1.5,7,880,1550,201406,28,5,2014-06-28
230,11,2014-06-28 00:14:48,2014-06-28 00:14:49,31.040378,121.255563,1,0.2,1,885,7701,201406,28,5,2014-06-28
231,271,2014-06-28 00:14:58,2014-06-28 00:15:38,30.967774,121.447499,10,10.0,40,895,3374,201406,28,5,2014-06-28
232,464,2014-06-28 00:14:59,2014-06-28 00:15:00,31.125467,121.581832,1,0.2,1,896,2861,201406,28,5,2014-06-28
233,321,2014-06-28 00:15:05,2014-06-28 00:15:20,31.192915,121.682688,6,2.0,15,902,2869,201406,28,5,2014-06-28
234,24,2014-06-28 00:15:07,2014-06-28 00:15:14,31.319806,121.526248,4,1.5,7,904,2564,201406,28,5,2014-06-28
235,535,2014-06-28 00:15:07,2014-06-28 00:15:37,31.276982,121.460649,9,10.0,30,904,6601,201406,28,5,2014-06-28
236,24,2014-06-28 00:15:09,2014-06-28 00:15:11,31.319806,121.526248,2,0.5,2,906,2564,201406,28,5,2014-06-28
237,306,2014-06-28 00:15:17,2014-06-28 00:15:18,26.139329,103.078562,1,0.2,1,914,2871,201406,28,5,2014-06-28
238,918,2014-06-28 00:15:18,2014-06-28 00:15:20,31.287632,121.458734,2,0.5,2,915,2484,201406,28,5,2014-06-28
239,620,2014-06-28 00:15:18,2014-06-28 00:15:20,31.204343,121.407018,2,0.5,2,915,6654,201406,28,5,2014-06-28
240,237,2014-06-28 00:15:24,2014-06-28 00:15:28,31.211485,121.403238,3,0.8,4,921,50,201406,28,5,2014-06-28
241,1458,2014-06-28 00:15:31,2014-06-28 00:15:33,31.182725,121.41492,2,0.5,2,928,2364,201406,28,5,2014-06-28
242,635,2014-06-28 00:15:33,2014-06-28 00:15:35,31.145439,121.417433,2,0.5,2,930,86,201406,28,5,2014-06-28
243,435,2014-06-28 00:15:34,2014-06-28 00:15:36,31.200882,121.446511,2,0.5,2,931,1376,201406,28,5,2014-06-28
244,1258,2014-06-28 00:15:36,2014-06-28 00:15:43,31.221662,121.539905,4,1.5,7,933,2042,201406,28,5,2014-06-28
245,226,2014-06-28 00:15:38,2014-06-28 00:15:40,30.939177,121.223182,2,0.5,2,935,1021,201406,28,5,2014-06-28
246,906,2014-06-28 00:15:38,2014-06-28 00:15:48,31.199721,121.325753,5,2.0,10,935,78,201406,28,5,2014-06-28
247,1088,2014-06-28 00:15:52,2014-06-28 00:15:53,31.334186,121.50238,1,0.2,1,949,1464,201406,28,5,2014-06-28
248,237,2014-06-28 00:15:55,2014-06-28 00:16:35,31.211485,121.403238,10,10.0,40,952,50,201406,28,5,2014-06-28
249,708,2014-06-28 00:15:58,2014-06-28 00:16:38,31.204179,121.538588,10,10.0,40,955,1903,201406,28,5,2014-06-28
250,1399,2014-06-28 00:15:59,2014-06-28 00:16:01,31.134484,121.42764,2,0.5,2,956,2968,201406,28,5,2014-06-28
251,241,2014-06-28 00:16:00,2014-06-28 00:16:01,31.163705,121.503747,1,0.2,1,957,4174,201406,28,5,2014-06-28
252,260,2014-06-28 00:16:01,2014-06-28 00:16:11,31.355737,121.403678,5,2.0,10,958,1303,201406,28,5,2014-06-28
253,126,2014-06-28 00:16:03,2014-06-28 00:16:05,31.265321,121.503333,2,0.5,2,960,6863,201406,28,5,2014-06-28
254,823,2014-06-28 00:16:06,2014-06-28 00:16:46,31.301307,121.33124,10,10.0,40,963,1393,201406,28,5,2014-06-28
255,533,2014-06-28 00:16:08,2014-06-28 00:16:48,31.248587,121.277434,10,10.0,40,965,3206,201406,28,5,2014-06-28
256,1324,2014-06-28 00:16:12,2014-06-28 00:16:52,31.289509,121.447288,10,10.0,40,969,212,201406,28,5,2014-06-28
257,895,2014-06-28 00:16:16,2014-06-28 00:16:23,31.005717,121.202014,4,1.5,7,973,5686,201406,28,5,2014-06-28
258,529,2014-06-28 00:16:17,2014-06-28 00:16:32,31.159304,121.358718,6,2.0,15,974,560,201406,28,5,2014-06-28
259,1080,2014-06-28 00:16:18,2014-06-28 00:16:19,31.160355,121.454785,1,0.2,1,975,679,201406,28,5,2014-06-28
260,861,2014-06-28 00:16:18,2014-06-28 00:16:22,31.390234,121.254572,3,0.8,4,975,7813,201406,28,5,2014-06-28
261,24,2014-06-28 00:16:18,2014-06-28 00:16:19,31.319806,121.526248,1,0.2,1,975,3029,201406,28,5,2014-06-28
262,656,2014-06-28 00:16:22,2014-06-28 00:16:37,31.098701,121.582178,6,2.0,15,979,2965,201406,28,5,2014-06-28
263,828,2014-06-28 00:16:22,2014-06-28 00:16:47,31.059755,121.389723,8,7.0,25,979,961,201406,28,5,2014-06-28
264,290,2014-06-28 00:16:27,2014-06-28 00:16:34,31.137509,121.40768,4,1.5,7,984,738,201406,28,5,2014-06-28
265,261,2014-06-28 00:16:33,2014-06-28 00:16:35,31.337218,121.465181,2,0.5,2,990,1321,201406,28,5,2014-06-28
266,895,2014-06-28 00:16:33,2014-06-28 00:16:34,31.005717,121.202014,1,0.2,1,990,5686,201406,28,5,2014-06-28
267,720,2014-06-28 00:16:35,2014-06-28 00:17:00,31.183323,121.447822,7,4.0,25,992,2225,201406,28,5,2014-06-28
268,914,2014-06-28 00:16:43,2014-06-28 00:17:33,31.1744,121.285083,11,11.0,50,1000,622,201406,28,5,2014-06-28
269,170,2014-06-28 00:16:45,2014-06-28 00:16:47,31.260959,121.562594,2,0.5,2,1002,868,201406,28,5,2014-06-28
270,90,2014-06-28 00:16:48,2014-06-28 00:16:52,31.146522,121.352501,3,0.8,4,1005,5477,201406,28,5,2014-06-28
271,15,2014-06-28 00:16:54,2014-06-28 00:16:58,31.056648,121.404326,3,0.8,4,1011,3578,201406,28,5,2014-06-28
272,1399,2014-06-28 00:16:54,2014-06-28 00:16:58,31.134484,121.42764,3,0.8,4,1011,2968,201406,28,5,2014-06-28
273,330,2014-06-28 00:16:57,2014-06-28 00:17:07,31.131231,121.398758,5,2.0,10,1014,507,201406,28,5,2014-06-28
274,1460,2014-06-28 00:16:58,2014-06-28 00:17:28,31.302901,121.553485,9,10.0,30,1015,1891,201406,28,5,2014-06-28
275,443,2014-06-28 00:17:01,2014-06-28 00:17:03,31.196266,121.537132,2,0.5,2,1018,8490,201406,28,5,2014-06-28
276,14,2014-06-28 00:17:01,2014-06-28 00:17:02,31.298668,121.541944,1,0.2,1,1018,7644,201406,28,5,2014-06-28
277,382,2014-06-28 00:17:02,2014-06-28 00:17:27,31.370388,121.187891,7,4.0,25,1019,67,201406,28,5,2014-06-28
278,94,2014-06-28 00:17:04,2014-06-28 00:17:06,31.264146,121.532591,2,0.5,2,1021,2144,201406,28,5,2014-06-28
279,706,2014-06-28 00:17:07,2014-06-28 00:17:14,31.146551,121.235394,4,1.5,7,1024,494,201406,28,5,2014-06-28
280,1200,2014-06-28 00:17:12,2014-06-28 00:18:02,31.415226,121.349387,11,11.0,50,1029,2673,201406,28,5,2014-06-28
281,417,2014-06-28 00:17:19,2014-06-28 00:17:44,31.280339,121.402957,7,4.0,25,1036,3593,201406,28,5,2014-06-28
282,377,2014-06-28 00:17:29,2014-06-28 00:18:19,31.189335,121.781953,11,11.0,50,1046,2949,201406,28,5,2014-06-28
283,778,2014-06-28 00:17:33,2014-06-28 00:17:35,31.038911,121.226883,2,0.5,2,1050,3137,201406,28,5,2014-06-28
284,425,2014-06-28 00:17:37,2014-06-28 00:17:38,31.207205,121.482691,1,0.2,1,1054,264,201406,28,5,2014-06-28
285,823,2014-06-28 00:17:41,2014-06-28 00:18:06,31.301307,121.33124,8,7.0,25,1058,1394,201406,28,5,2014-06-28
286,791,2014-06-28 00:17:54,2014-06-28 00:17:55,31.213728,121.386102,1,0.2,1,1071,2242,201406,28,5,2014-06-28
287,79,2014-06-28 00:18:00,2014-06-28 00:18:10,31.307268,121.521916,5,2.0,10,1077,3472,201406,28,5,2014-06-28
288,362,2014-06-28 00:18:04,2014-06-28 00:19:34,31.348418,121.427796,14,15.0,90,1081,4508,201406,28,5,2014-06-28
289,1435,2014-06-28 00:18:05,2014-06-28 00:18:20,31.217261,121.391532,6,2.0,15,1082,2187,201406,28,5,2014-06-28
290,572,2014-06-28 00:18:06,2014-06-28 00:18:08,31.155344,121.2025,2,0.5,2,1083,1212,201406,28,5,2014-06-28
291,1464,2014-06-28 00:18:16,2014-06-28 00:18:46,31.268106,121.49354,9,10.0,30,1093,1667,201406,28,5,2014-06-28
292,274,2014-06-28 00:18:23,2014-06-28 00:19:03,31.030356,121.535809,10,10.0,40,1100,2737,201406,28,5,2014-06-28
293,94,2014-06-28 00:18:34,2014-06-28 00:18:41,31.264146,121.532591,4,1.5,7,1111,2144,201406,28,5,2014-06-28
294,274,2014-06-28 00:18:34,2014-06-28 00:18:49,31.030356,121.535809,6,2.0,15,1111,2737,201406,28,5,2014-06-28
295,9,2014-06-28 00:18:39,2014-06-28 00:18:43,31.338059,121.289933,3,0.8,4,1116,1521,201406,28,5,2014-06-28
296,129,2014-06-28 00:18:41,2014-06-28 00:18:42,31.272151,121.375814,1,0.2,1,1118,1781,201406,28,5,2014-06-28
297,429,2014-06-28 00:18:48,2014-06-28 00:19:18,31.311942,121.54204,9,10.0,30,1125,280,201406,28,5,2014-06-28
298,215,2014-06-28 00:18:56,2014-06-28 00:19:46,31.378285,121.436137,11,11.0,50,1133,1577,201406,28,5,2014-06-28
299,225,2014-06-28 00:18:57,2014-06-28 00:19:07,31.205759,121.26316,5,2.0,10,1134,533,201406,28,5,2014-06-28
300,147,2014-06-28 00:18:57,2014-06-28 00:18:59,31.050708,121.217094,2,0.5,2,1134,806,201406,28,5,2014-06-28
301,484,2014-06-28 00:19:03,2014-06-28 00:19:04,31.382771,121.291756,1,0.2,1,1140,1800,201406,28,5,2014-06-28
302,65,2014-06-28 00:19:04,2014-06-28 00:19:05,31.174661,121.52822,1,0.2,1,1141,4665,201406,28,5,2014-06-28
303,86,2014-06-28 00:19:06,2014-06-28 00:20:06,31.236856,121.40554,12,12.0,60,1143,2368,201406,28,5,2014-06-28
304,755,2014-06-28 00:19:13,2014-06-28 00:19:53,31.240587,121.402322,10,10.0,40,1150,1389,201406,28,5,2014-06-28
305,1061,2014-06-28 00:19:15,2014-06-28 00:19:30,31.233516,121.491431,6,2.0,15,1152,3990,201406,28,5,2014-06-28
306,505,2014-06-28 00:19:15,2014-06-28 00:19:19,31.151539,121.41109,3,0.8,4,1152,2331,201406,28,5,2014-06-28
307,755,2014-06-28 00:19:24,2014-06-28 00:19:34,31.240587,121.402322,5,2.0,10,1161,1389,201406,28,5,2014-06-28
308,797,2014-06-28 00:19:35,2014-06-28 00:19:37,31.193409,121.393885,2,0.5,2,1172,7954,201406,28,5,2014-06-28
309,456,2014-06-28 00:19:40,2014-06-28 00:20:05,31.344675,121.443963,8,7.0,25,1177,1760,201406,28,5,2014-06-28
310,770,2014-06-28 00:19:50,2014-06-28 00:20:00,31.242991,121.515376,5,2.0,10,1187,1547,201406,28,5,2014-06-28
311,598,2014-06-28 00:19:52,2014-06-28 00:20:22,31.265705,121.420959,9,10.0,30,1189,4205,201406,28,5,2014-06-28
312,178,2014-06-28 00:19:58,2014-06-28 00:20:38,31.112548,121.538798,10,10.0,40,1195,8026,201406,28,5,2014-06-28
313,726,2014-06-28 00:20:01,2014-06-28 00:20:11,31.120822,121.29001,5,2.0,10,1198,5494,201406,28,5,2014-06-28
314,643,2014-06-28 00:20:02,2014-06-28 00:20:09,31.203031,121.443586,4,1.5,7,1199,5553,201406,28,5,2014-06-28
315,484,2014-06-28 00:20:09,2014-06-28 00:20:16,31.382771,121.291756,4,1.5,7,1206,1694,201406,28,5,2014-06-28
316,1187,2014-06-28 00:20:17,2014-06-28 00:20:32,31.212718,121.447853,6,2.0,15,1214,7616,201406,28,5,2014-06-28
317,584,2014-06-28 00:20:20,2014-06-28 00:20:30,31.175621,121.317835,5,2.0,10,1217,4639,201406,28,5,2014-06-28
318,90,2014-06-28 00:20:21,2014-06-28 00:20:28,31.146522,121.352501,4,1.5,7,1218,565,201406,28,5,2014-06-28
319,461,2014-06-28 00:20:24,2014-06-28 00:20:25,31.25393,121.455087,1,0.2,1,1221,2452,201406,28,5,2014-06-28
320,900,2014-06-28 00:20:26,2014-06-28 00:20:41,30.834815,121.197836,6,2.0,15,1223,937,201406,28,5,2014-06-28
321,392,2014-06-28 00:20:27,2014-06-28 00:21:27,31.337262,121.473928,12,12.0,60,1224,4899,201406,28,5,2014-06-28
322,99,2014-06-28 00:20:32,2014-06-28 00:21:12,30.948712,121.365593,10,10.0,40,1229,1526,201406,28,5,2014-06-28
323,787,2014-06-28 00:20:32,2014-06-28 00:20:39,31.284042,121.583676,4,1.5,7,1229,5473,201406,28,5,2014-06-28
324,55,2014-06-28 00:20:35,2014-06-28 00:20:39,31.420016,121.44113,3,0.8,4,1232,1151,201406,28,5,2014-06-28
325,427,2014-06-28 00:20:42,2014-06-28 00:20:44,31.086916,121.387535,2,0.5,2,1239,878,201406,28,5,2014-06-28
326,220,2014-06-28 00:20:46,2014-06-28 00:21:11,31.160079,121.37079,7,4.0,25,1243,2271,201406,28,5,2014-06-28
327,994,2014-06-28 00:20:52,2014-06-28 00:20:53,30.771941,121.373524,1,0.2,1,1249,8511,201406,28,5,2014-06-28
328,162,2014-06-28 00:20:52,2014-06-28 00:21:32,30.915722,121.763195,10,10.0,40,1249,2760,201406,28,5,2014-06-28
329,786,2014-06-28 00:20:53,2014-06-28 00:20:55,31.240478,121.526884,2,0.5,2,1250,2961,201406,28,5,2014-06-28
330,784,2014-06-28 00:21:07,2014-06-28 00:21:09,31.230201,121.308739,2,0.5,2,1264,1509,201406,28,5,2014-06-28
331,26,2014-06-28 00:21:14,2014-06-28 00:21:39,30.889377,121.176142,7,4.0,25,1271,4307,201406,28,5,2014-06-28
332,108,2014-06-28 00:21:18,2014-06-28 00:21:25,31.042021,121.204506,4,1.5,7,1275,793,201406,28,5,2014-06-28
333,288,2014-06-28 00:21:24,2014-06-28 00:21:34,31.359311,121.310645,5,2.0,10,1281,7838,201406,28,5,2014-06-28
334,971,2014-06-28 00:21:43,2014-06-28 00:21:53,31.033659,121.577846,5,2.0,10,1300,2826,201406,28,5,2014-06-28
335,233,2014-06-28 00:21:44,2014-06-28 00:22:14,31.031203,121.65009,9,10.0,30,1301,2696,201406,28,5,2014-06-28
336,544,2014-06-28 00:21:51,2014-06-28 00:22:16,31.048845,121.231719,7,4.0,25,1308,802,201406,28,5,2014-06-28
337,1003,2014-06-28 00:22:08,2014-06-28 00:22:15,31.270369,121.443633,4,1.5,7,1325,2515,201406,28,5,2014-06-28
338,415,2014-06-28 00:22:18,2014-06-28 00:22:22,31.265,121.48958,3,0.8,4,1335,7978,201406,28,5,2014-06-28
339,827,2014-06-28 00:22:22,2014-06-28 00:22:26,31.248482,121.53958,3,0.8,4,1339,1971,201406,28,5,2014-06-28
340,378,2014-06-28 00:22:30,2014-06-28 00:22:34,31.287814,121.355886,3,0.8,4,1347,3232,201406,28,5,2014-06-28
341,567,2014-06-28 00:22:51,2014-06-28 00:23:21,31.216371,121.601926,9,10.0,30,1368,1977,201406,28,5,2014-06-28
342,390,2014-06-28 00:22:51,2014-06-28 00:23:16,31.243013,121.416207,8,7.0,25,1368,2289,201406,28,5,2014-06-28
343,775,2014-06-28 00:23:07,2014-06-28 00:23:17,31.215081,121.481286,5,2.0,10,1384,2886,201406,28,5,2014-06-28
344,973,2014-06-28 00:23:13,2014-06-28 00:23:14,31.358014,121.37617,1,0.2,1,1390,799,201406,28,5,2014-06-28
345,720,2014-06-28 00:23:20,2014-06-28 00:23:24,31.183323,121.447822,3,0.8,4,1397,2225,201406,28,5,2014-06-28
346,387,2014-06-28 00:23:25,2014-06-28 00:23:26,31.306089,121.474725,1,0.2,1,1402,1643,201406,28,5,2014-06-28
347,657,2014-06-28 00:23:34,2014-06-28 00:23:38,31.300693,121.496182,3,0.8,4,1411,2450,201406,28,5,2014-06-28
348,387,2014-06-28 00:23:45,2014-06-28 00:24:25,31.306089,121.474725,10,10.0,40,1422,1643,201406,28,5,2014-06-28
349,1110,2014-06-28 00:23:51,2014-06-28 00:24:01,31.410741,121.442349,5,2.0,10,1428,1719,201406,28,5,2014-06-28
350,568,2014-06-28 00:23:53,2014-06-28 00:23:55,31.158202,121.389411,2,0.5,2,1430,8406,201406,28,5,2014-06-28
351,658,2014-06-28 00:24:01,2014-06-28 00:24:05,31.214115,121.406884,3,0.8,4,1438,5469,201406,28,5,2014-06-28
352,222,2014-06-28 00:24:04,2014-06-28 00:24:06,31.252404,121.435035,2,0.5,2,1441,1779,201406,28,5,2014-06-28
353,367,2014-06-28 00:24:10,2014-06-28 00:24:17,31.018376,121.40507,4,1.5,7,1447,702,201406,28,5,2014-06-28
354,1179,2014-06-28 00:24:19,2014-06-28 00:25:19,31.300493,121.323029,12,12.0,60,1456,1313,201406,28,5,2014-06-28
355,438,2014-06-28 00:24:23,2014-06-28 00:24:48,31.276317,121.524794,8,7.0,25,1460,1645,201406,28,5,2014-06-28
356,744,2014-06-28 00:24:26,2014-06-28 00:24:28,31.085146,121.589124,2,0.5,2,1463,2839,201406,28,5,2014-06-28
357,188,2014-06-28 00:24:28,2014-06-28 00:24:53,31.273019,121.307617,7,4.0,25,1465,1623,201406,28,5,2014-06-28
358,398,2014-06-28 00:24:30,2014-06-28 00:25:00,31.378631,121.277965,9,10.0,30,1467,1595,201406,28,5,2014-06-28
359,1179,2014-06-28 00:24:31,2014-06-28 00:25:11,31.300493,121.323029,10,10.0,40,1468,4468,201406,28,5,2014-06-28
360,421,2014-06-28 00:24:31,2014-06-28 00:24:33,31.19232,121.142889,2,0.5,2,1468,529,201406,28,5,2014-06-28
361,1427,2014-06-28 00:24:35,2014-06-28 00:24:42,31.257756,121.601633,4,1.5,7,1472,1711,201406,28,5,2014-06-28
362,1179,2014-06-28 00:24:39,2014-06-28 00:24:41,31.300493,121.323029,2,0.5,2,1476,4468,201406,28,5,2014-06-28
363,330,2014-06-28 00:24:40,2014-06-28 00:25:10,31.131231,121.398758,9,10.0,30,1477,571,201406,28,5,2014-06-28
364,241,2014-06-28 00:24:45,2014-06-28 00:25:00,31.163705,121.503747,6,2.0,15,1482,3786,201406,28,5,2014-06-28
365,248,2014-06-28 00:24:46,2014-06-28 00:25:36,31.202395,121.6278,11,11.0,50,1483,1949,201406,28,5,2014-06-28
366,79,2014-06-28 00:24:53,2014-06-28 00:25:08,31.307268,121.521916,6,2.0,15,1490,3029,201406,28,5,2014-06-28
367,950,2014-06-28 00:25:07,2014-06-28 00:25:22,31.046945,121.764826,6,2.0,15,1504,8444,201406,28,5,2014-06-28
368,1232,2014-06-28 00:25:10,2014-06-28 00:25:17,31.412982,121.496282,4,1.5,7,1507,1573,201406,28,5,2014-06-28
369,1262,2014-06-28 00:25:12,2014-06-28 00:25:27,31.276567,121.483483,6,2.0,15,1509,2320,201406,28,5,2014-06-28
370,138,2014-06-28 00:25:12,2014-06-28 00:25:13,31.180753,121.749174,1,0.2,1,1509,2817,201406,28,5,2014-06-28
371,789,2014-06-28 00:25:14,2014-06-28 00:25:21,31.24708,121.419525,4,1.5,7,1511,2205,201406,28,5,2014-06-28
372,298,2014-06-28 00:25:16,2014-06-28 00:25:26,30.999098,121.447826,5,2.0,10,1513,5826,201406,28,5,2014-06-28
373,251,2014-06-28 00:25:17,2014-06-28 00:25:47,31.326648,121.304442,9,10.0,30,1514,1708,201406,28,5,2014-06-28
374,538,2014-06-28 00:25:18,2014-06-28 00:25:25,31.327049,121.443238,4,1.5,7,1515,1330,201406,28,5,2014-06-28
375,983,2014-06-28 00:25:22,2014-06-28 00:25:47,31.099085,121.386207,7,4.0,25,1519,840,201406,28,5,2014-06-28
376,983,2014-06-28 00:25:23,2014-06-28 00:25:30,31.099085,121.386207,4,1.5,7,1520,840,201406,28,5,2014-06-28
377,323,2014-06-28 00:25:37,2014-06-28 00:25:52,31.121932,121.33481,6,2.0,15,1534,5498,201406,28,5,2014-06-28
378,1030,2014-06-28 00:25:38,2014-06-28 00:25:45,31.221876,121.687381,4,1.5,7,1535,88,201406,28,5,2014-06-28
379,564,2014-06-28 00:25:43,2014-06-28 00:26:08,31.209644,121.56447,7,4.0,25,1540,868,201406,28,5,2014-06-28
380,353,2014-06-28 00:25:46,2014-06-28 00:26:46,31.233761,121.670586,12,12.0,60,1543,3539,201406,28,5,2014-06-28
381,636,2014-06-28 00:25:47,2014-06-28 00:26:12,31.226966,121.53174,8,7.0,25,1544,17,201406,28,5,2014-06-28
382,1454,2014-06-28 00:25:49,2014-06-28 00:25:51,30.935874,121.692581,2,0.5,2,1546,4662,201406,28,5,2014-06-28
383,234,2014-06-28 00:25:50,2014-06-28 00:26:20,31.314038,121.509762,9,10.0,30,1547,2431,201406,28,5,2014-06-28
384,830,2014-06-28 00:25:51,2014-06-28 00:25:52,30.92668,121.466784,1,0.2,1,1548,2850,201406,28,5,2014-06-28
385,830,2014-06-28 00:25:51,2014-06-28 00:26:31,30.92668,121.466784,10,10.0,40,1548,2850,201406,28,5,2014-06-28
386,830,2014-06-28 00:25:54,2014-06-28 00:25:55,30.92668,121.466784,1,0.2,1,1551,2850,201406,28,5,2014-06-28
387,312,2014-06-28 00:25:56,2014-06-28 00:27:06,31.163459,121.574025,13,14.0,70,1553,5969,201406,28,5,2014-06-28
388,664,2014-06-28 00:25:59,2014-06-28 00:26:24,30.950067,121.449083,7,4.0,25,1556,1155,201406,28,5,2014-06-28
389,330,2014-06-28 00:25:59,2014-06-28 00:26:14,31.131231,121.398758,6,2.0,15,1556,507,201406,28,5,2014-06-28
390,332,2014-06-28 00:26:02,2014-06-28 00:26:03,31.218201,121.487151,1,0.2,1,1559,412,201406,28,5,2014-06-28
391,467,2014-06-28 00:26:07,2014-06-28 00:26:09,31.058092,121.235964,2,0.5,2,1564,83,201406,28,5,2014-06-28
392,802,2014-06-28 00:26:07,2014-06-28 00:26:09,31.241362,121.395822,2,0.5,2,1564,7951,201406,28,5,2014-06-28
393,271,2014-06-28 00:26:08,2014-06-28 00:26:09,30.967774,121.447499,1,0.2,1,1565,5644,201406,28,5,2014-06-28
394,1037,2014-06-28 00:26:08,2014-06-28 00:26:10,31.307215,121.486962,2,0.5,2,1565,929,201406,28,5,2014-06-28
395,314,2014-06-28 00:26:08,2014-06-28 00:26:09,31.233973,121.41641,1,0.2,1,1565,890,201406,28,5,2014-06-28
396,787,2014-06-28 00:26:11,2014-06-28 00:26:12,31.284042,121.583676,1,0.2,1,1568,2002,201406,28,5,2014-06-28
397,650,2014-06-28 00:26:13,2014-06-28 00:26:20,31.213701,121.41802,4,1.5,7,1570,403,201406,28,5,2014-06-28
398,679,2014-06-28 00:26:16,2014-06-28 00:26:46,31.299261,121.578516,9,10.0,30,1573,2127,201406,28,5,2014-06-28
399,161,2014-06-28 00:26:24,2014-06-28 00:26:26,31.235929,121.449652,2,0.5,2,1581,2964,201406,28,5,2014-06-28
400,1023,2014-06-28 00:26:26,2014-06-28 00:26:51,31.105808,121.038742,8,7.0,25,1583,1070,201406,28,5,2014-06-28
401,365,2014-06-28 00:26:36,2014-06-28 00:27:36,31.092058,121.38753,12,12.0,60,1593,599,201406,28,5,2014-06-28
402,354,2014-06-28 00:26:43,2014-06-28 00:26:45,31.26604,121.399004,2,0.5,2,1600,122,201406,28,5,2014-06-28
403,1,2014-06-28 00:26:44,2014-06-28 00:26:59,31.078791,121.422082,6,2.0,15,1601,3598,201406,28,5,2014-06-28
404,1,2014-06-28 00:26:48,2014-06-28 00:26:55,31.078791,121.422082,4,1.5,7,1605,3598,201406,28,5,2014-06-28
405,671,2014-06-28 00:26:52,2014-06-28 00:28:02,31.194792,121.466884,13,14.0,70,1609,868,201406,28,5,2014-06-28
406,287,2014-06-28 00:26:53,2014-06-28 00:26:55,30.723654,121.330778,2,0.5,2,1610,1237,201406,28,5,2014-06-28
407,156,2014-06-28 00:26:57,2014-06-28 00:26:59,31.038291,121.194794,2,0.5,2,1614,517,201406,28,5,2014-06-28
408,442,2014-06-28 00:27:00,2014-06-28 00:27:50,31.080824,121.390896,11,11.0,50,1617,7730,201406,28,5,2014-06-28
409,520,2014-06-28 00:27:02,2014-06-28 00:27:04,31.16346,121.405127,2,0.5,2,1619,2246,201406,28,5,2014-06-28
410,53,2014-06-28 00:27:07,2014-06-28 00:27:08,31.082701,121.448694,1,0.2,1,1624,1186,201406,28,5,2014-06-28
411,669,2014-06-28 00:27:10,2014-06-28 00:28:20,31.127837,121.380654,13,14.0,70,1627,233,201406,28,5,2014-06-28
412,375,2014-06-28 00:27:13,2014-06-28 00:27:14,31.102445,121.413911,1,0.2,1,1630,586,201406,28,5,2014-06-28
413,727,2014-06-28 00:27:14,2014-06-28 00:28:14,31.198048,121.604048,12,12.0,60,1631,414,201406,28,5,2014-06-28
414,57,2014-06-28 00:27:18,2014-06-28 00:27:25,31.124664,121.323455,4,1.5,7,1635,630,201406,28,5,2014-06-28
415,648,2014-06-28 00:27:41,2014-06-28 00:28:21,31.121152,121.141999,10,10.0,40,1658,979,201406,28,5,2014-06-28
416,9,2014-06-28 00:27:43,2014-06-28 00:27:45,31.338059,121.289933,2,0.5,2,1660,1716,201406,28,5,2014-06-28
417,1467,2014-06-28 00:27:44,2014-06-28 00:28:09,31.256807,121.518545,7,4.0,25,1661,1967,201406,28,5,2014-06-28
418,380,2014-06-28 00:27:47,2014-06-28 00:28:57,31.225266,121.444323,13,14.0,70,1664,142,201406,28,5,2014-06-28
419,748,2014-06-28 00:27:53,2014-06-28 00:27:55,31.312825,121.491112,2,0.5,2,1670,144,201406,28,5,2014-06-28
420,569,2014-06-28 00:27:54,2014-06-28 00:28:54,31.05799,121.626154,12,12.0,60,1671,2859,201406,28,5,2014-06-28
421,769,2014-06-28 00:28:01,2014-06-28 00:28:11,31.241036,121.374063,5,2.0,10,1678,1445,201406,28,5,2014-06-28
422,791,2014-06-28 00:28:05,2014-06-28 00:28:35,31.213728,121.386102,9,10.0,30,1682,7428,201406,28,5,2014-06-28
423,914,2014-06-28 00:28:05,2014-06-28 00:28:35,31.1744,121.285083,9,10.0,30,1682,917,201406,28,5,2014-06-28
424,159,2014-06-28 00:28:07,2014-06-28 00:28:09,31.360292,121.583955,2,0.5,2,1684,1629,201406,28,5,2014-06-28
425,576,2014-06-28 00:28:08,2014-06-28 00:28:33,31.210843,121.491168,8,7.0,25,1685,7889,201406,28,5,2014-06-28
426,1400,2014-06-28 00:28:13,2014-06-28 00:29:03,31.244229,121.475231,11,11.0,50,1690,114,201406,28,5,2014-06-28
427,185,2014-06-28 00:28:17,2014-06-28 00:29:17,31.301132,121.177821,12,12.0,60,1694,4862,201406,28,5,2014-06-28
428,983,2014-06-28 00:28:22,2014-06-28 00:29:02,31.099085,121.386207,10,10.0,40,1699,840,201406,28,5,2014-06-28
429,33,2014-06-28 00:28:46,2014-06-28 00:28:50,31.134254,121.280533,3,0.8,4,1723,911,201406,28,5,2014-06-28
430,572,2014-06-28 00:28:51,2014-06-28 00:28:52,31.155344,121.2025,1,0.2,1,1728,4196,201406,28,5,2014-06-28
431,313,2014-06-28 00:28:57,2014-06-28 00:29:04,31.250332,121.594504,4,1.5,7,1734,1997,201406,28,5,2014-06-28
432,1305,2014-06-28 00:29:05,2014-06-28 00:29:12,31.339206,121.453188,4,1.5,7,1742,4611,201406,28,5,2014-06-28
433,37,2014-06-28 00:29:10,2014-06-28 00:29:11,31.273451,121.681542,1,0.2,1,1747,231,201406,28,5,2014-06-28
434,1200,2014-06-28 00:29:18,2014-06-28 00:29:58,31.415226,121.349387,10,10.0,40,1755,2673,201406,28,5,2014-06-28
435,887,2014-06-28 00:29:19,2014-06-28 00:29:23,30.741272,121.3348,3,0.8,4,1756,1236,201406,28,5,2014-06-28
436,1124,2014-06-28 00:29:20,2014-06-28 00:29:45,31.119287,121.204986,7,4.0,25,1757,537,201406,28,5,2014-06-28
437,247,2014-06-28 00:29:23,2014-06-28 00:29:30,30.919796,121.459621,4,1.5,7,1760,2977,201406,28,5,2014-06-28
438,573,2014-06-28 00:29:24,2014-06-28 00:29:49,31.094914,121.43682,8,7.0,25,1761,739,201406,28,5,2014-06-28
439,990,2014-06-28 00:29:25,2014-06-28 00:29:35,31.270279,121.531241,5,2.0,10,1762,44,201406,28,5,2014-06-28
440,682,2014-06-28 00:29:31,2014-06-28 00:29:41,30.730296,121.342643,5,2.0,10,1768,1261,201406,28,5,2014-06-28
441,786,2014-06-28 00:29:32,2014-06-28 00:29:57,31.240478,121.526884,7,4.0,25,1769,128,201406,28,5,2014-06-28
442,724,2014-06-28 00:29:34,2014-06-28 00:29:35,31.274417,121.257132,1,0.2,1,1771,1789,201406,28,5,2014-06-28
443,47,2014-06-28 00:29:40,2014-06-28 00:29:47,31.140384,121.620758,4,1.5,7,1777,2898,201406,28,5,2014-06-28
444,280,2014-06-28 00:29:42,2014-06-28 00:29:57,31.268894,121.692432,6,2.0,15,1779,2947,201406,28,5,2014-06-28
445,280,2014-06-28 00:29:45,2014-06-28 00:29:47,31.268894,121.692432,2,0.5,2,1782,2947,201406,28,5,2014-06-28
446,313,2014-06-28 00:29:47,2014-06-28 00:29:51,31.250332,121.594504,3,0.8,4,1784,1996,201406,28,5,2014-06-28
447,334,2014-06-28 00:29:48,2014-06-28 00:29:58,31.007327,121.431151,5,2.0,10,1785,613,201406,28,5,2014-06-28
448,435,2014-06-28 00:29:49,2014-06-28 00:30:39,31.200882,121.446511,11,11.0,50,1786,1376,201406,28,5,2014-06-28
449,667,2014-06-28 00:30:02,2014-06-28 00:30:04,31.2317,121.546506,2,0.5,2,1799,4264,201406,28,5,2014-06-28
450,483,2014-06-28 00:30:02,2014-06-28 00:30:27,31.17023,121.337413,7,4.0,25,1799,656,201406,28,5,2014-06-28
451,424,2014-06-28 00:30:05,2014-06-28 00:30:35,35.379598,116.072359,9,10.0,30,1802,385,201406,28,5,2014-06-28
452,347,2014-06-28 00:30:11,2014-06-28 00:30:36,31.13107,121.298444,8,7.0,25,1808,3156,201406,28,5,2014-06-28
453,245,2014-06-28 00:30:12,2014-06-28 00:30:42,31.263651,121.573401,9,10.0,30,1809,2056,201406,28,5,2014-06-28
454,885,2014-06-28 00:30:21,2014-06-28 00:30:31,30.766975,121.362906,5,2.0,10,1818,1226,201406,28,5,2014-06-28
455,496,2014-06-28 00:30:48,2014-06-28 00:31:48,31.158559,121.319801,12,12.0,60,1845,662,201406,28,5,2014-06-28
456,627,2014-06-28 00:30:53,2014-06-28 00:30:57,31.11674,121.586334,3,0.8,4,1850,2825,201406,28,5,2014-06-28
457,950,2014-06-28 00:31:02,2014-06-28 00:31:03,31.046945,121.764826,1,0.2,1,1859,8444,201406,28,5,2014-06-28
458,1358,2014-06-28 00:31:07,2014-06-28 00:31:14,31.00816,121.274391,4,1.5,7,1864,789,201406,28,5,2014-06-28
459,533,2014-06-28 00:31:14,2014-06-28 00:31:16,31.248587,121.277434,2,0.5,2,1871,3713,201406,28,5,2014-06-28
460,226,2014-06-28 00:31:17,2014-06-28 00:31:42,30.939177,121.223182,8,7.0,25,1874,1021,201406,28,5,2014-06-28
461,470,2014-06-28 00:31:19,2014-06-28 00:31:44,31.025763,121.541983,8,7.0,25,1876,497,201406,28,5,2014-06-28
462,736,2014-06-28 00:31:21,2014-06-28 00:31:46,31.156874,121.348458,8,7.0,25,1878,1775,201406,28,5,2014-06-28
463,1463,2014-06-28 00:31:23,2014-06-28 00:31:27,31.292718,121.410291,3,0.8,4,1880,1458,201406,28,5,2014-06-28
464,805,2014-06-28 00:31:24,2014-06-28 00:31:54,31.149689,121.531301,9,10.0,30,1881,6559,201406,28,5,2014-06-28
465,605,2014-06-28 00:31:26,2014-06-28 00:32:06,31.195131,121.418788,10,10.0,40,1883,2232,201406,28,5,2014-06-28
466,964,2014-06-28 00:31:29,2014-06-28 00:31:44,31.317417,121.48383,6,2.0,15,1886,2533,201406,28,5,2014-06-28
467,520,2014-06-28 00:31:29,2014-06-28 00:31:36,31.16346,121.405127,4,1.5,7,1886,2246,201406,28,5,2014-06-28
468,1208,2014-06-28 00:31:36,2014-06-28 00:31:40,31.33876,121.437747,3,0.8,4,1893,7648,201406,28,5,2014-06-28
469,659,2014-06-28 00:31:37,2014-06-28 00:31:41,31.22121,121.411568,3,0.8,4,1894,6300,201406,28,5,2014-06-28
470,381,2014-06-28 00:31:41,2014-06-28 00:32:06,31.214209,121.659493,7,4.0,25,1898,416,201406,28,5,2014-06-28
471,500,2014-06-28 00:32:02,2014-06-28 00:32:27,31.179835,121.429502,7,4.0,25,1919,7927,201406,28,5,2014-06-28
472,284,2014-06-28 00:32:04,2014-06-28 00:32:08,31.294508,121.537685,3,0.8,4,1921,2559,201406,28,5,2014-06-28
473,1117,2014-06-28 00:32:20,2014-06-28 00:32:21,31.109998,121.164842,1,0.2,1,1937,7711,201406,28,5,2014-06-28
474,676,2014-06-28 00:32:24,2014-06-28 00:33:24,31.318369,121.407014,12,12.0,60,1941,1401,201406,28,5,2014-06-28
475,476,2014-06-28 00:32:37,2014-06-28 00:32:39,31.285698,121.612262,2,0.5,2,1954,1670,201406,28,5,2014-06-28
476,343,2014-06-28 00:32:37,2014-06-28 00:33:02,31.318661,121.194317,8,7.0,25,1954,3254,201406,28,5,2014-06-28
477,1408,2014-06-28 00:32:41,2014-06-28 00:33:11,31.182189,121.394088,9,10.0,30,1958,2325,201406,28,5,2014-06-28
478,474,2014-06-28 00:32:42,2014-06-28 00:32:57,31.208346,121.544892,6,2.0,15,1959,1941,201406,28,5,2014-06-28
479,234,2014-06-28 00:32:44,2014-06-28 00:32:51,31.314038,121.509762,4,1.5,7,1961,2431,201406,28,5,2014-06-28
480,368,2014-06-28 00:32:51,2014-06-28 00:32:52,31.095884,121.350551,1,0.2,1,1968,7732,201406,28,5,2014-06-28
481,1141,2014-06-28 00:32:53,2014-06-28 00:33:00,31.17247,121.404203,4,1.5,7,1970,13,201406,28,5,2014-06-28
482,813,2014-06-28 00:32:59,2014-06-28 00:33:24,31.10366,121.420217,8,7.0,25,1976,4,201406,28,5,2014-06-28
483,883,2014-06-28 00:33:04,2014-06-28 00:33:29,31.313065,121.417971,7,4.0,25,1981,1301,201406,28,5,2014-06-28
484,1088,2014-06-28 00:33:06,2014-06-28 00:33:16,31.334186,121.50238,5,2.0,10,1983,1464,201406,28,5,2014-06-28
485,950,2014-06-28 00:33:16,2014-06-28 00:33:17,31.046945,121.764826,1,0.2,1,1993,8444,201406,28,5,2014-06-28
486,1172,2014-06-28 00:33:16,2014-06-28 00:34:06,30.897085,121.617832,11,11.0,50,1993,2975,201406,28,5,2014-06-28
487,77,2014-06-28 00:33:18,2014-06-28 00:33:33,31.19143,121.411411,6,2.0,15,1995,2211,201406,28,5,2014-06-28
488,577,2014-06-28 00:33:24,2014-06-28 00:33:39,31.124501,121.32791,6,2.0,15,2001,667,201406,28,5,2014-06-28
489,343,2014-06-28 00:33:30,2014-06-28 00:33:32,31.318661,121.194317,2,0.5,2,2007,1786,201406,28,5,2014-06-28
490,440,2014-06-28 00:33:32,2014-06-28 00:34:02,31.277512,121.287969,9,10.0,30,2009,1633,201406,28,5,2014-06-28
491,498,2014-06-28 00:33:47,2014-06-28 00:33:51,31.201279,121.709485,3,0.8,4,2024,8144,201406,28,5,2014-06-28
492,208,2014-06-28 00:33:49,2014-06-28 00:33:51,31.155848,121.383402,2,0.5,2,2026,4033,201406,28,5,2014-06-28
493,264,2014-06-28 00:34:03,2014-06-28 00:34:05,31.324464,121.387532,2,0.5,2,2040,1804,201406,28,5,2014-06-28
494,409,2014-06-28 00:34:05,2014-06-28 00:34:06,31.229334,121.368291,1,0.2,1,2042,133,201406,28,5,2014-06-28
495,14,2014-06-28 00:34:05,2014-06-28 00:34:12,31.298668,121.541944,4,1.5,7,2042,5621,201406,28,5,2014-06-28
496,1308,2014-06-28 00:34:09,2014-06-28 00:34:10,31.302746,121.376994,1,0.2,1,2046,1305,201406,28,5,2014-06-28
497,690,2014-06-28 00:34:11,2014-06-28 00:34:13,31.140855,121.360032,2,0.5,2,2048,3565,201406,28,5,2014-06-28
498,380,2014-06-28 00:34:13,2014-06-28 00:34:17,31.225266,121.444323,3,0.8,4,2050,37,201406,28,5,2014-06-28
499,356,2014-06-28 00:34:20,2014-06-28 00:34:21,31.284148,121.481157,1,0.2,1,2057,1878,201406,28,5,2014-06-28
500,534,2014-06-28 00:34:22,2014-06-28 00:34:47,31.211574,121.366182,8,7.0,25,2059,7962,201406,28,5,2014-06-28
