total_requests,slow_requests,E_pct,servers_on,avg_response_time_sec,p95_response_time_sec,p99_response_time_sec,deadline_violations,deadline_violation_rate_pct,avg_distance_km,avg_network_delay_ms,p95_network_delay_ms,p99_network_delay_ms,avg_load_balance_cv,cycle,total_replicas,cumulative_energy_joule,server_utilization
217,183,84.33179723502305,2,87.5998907847128,326.0160300623551,525.619590247119,173,79.72350230414746,14.247166215461707,19.245623422477024,32.61193712794013,37.89677205071839,0.5315635576352414,0,30,175067.7,0.0
202,178,88.11881188118812,2,82.00552175080722,299.0131790156374,389.7191467031007,164,81.18811881188118,15.2824521177947,20.373235955742512,35.863857096569774,40.186312599811544,0.6124229991141755,1,30,297091.2,7.233333333333333
206,152,73.7864077669903,3,51.36140625590876,175.0337989986859,225.01690907548013,141,68.44660194174757,11.933167759545178,16.746061734003547,29.774605437559153,36.104876806589104,0.4322794467363872,2,44,441816.9,4.488888888888889
182,121,66.48351648351648,4,39.636359466145414,124.76446076600541,197.12241308469473,106,58.24175824175824,10.797580855712813,15.480345266281772,28.332385662293483,32.05706139040162,0.3357212484487736,3,59,613053.6,3.433333333333333
185,121,65.4054054054054,5,44.966633604161366,158.0134627422135,279.0103863012995,110,59.45945945945946,10.631535867808873,15.282252810012249,27.153872807872308,28.77686249974624,0.5530738058229964,4,73,758877.6,2.4266666666666667
150,85,56.666666666666664,6,27.98746297775122,90.01781886638425,190.2164158998104,73,48.666666666666664,9.62903915927959,14.129644417887205,25.25185763458477,27.548717766420367,0.4529536782105736,5,86,913820.3999999999,2.0555555555555554
163,53,32.515337423312886,7,29.528123904660113,99.00167132523733,153.8140470959477,50,30.67484662576687,8.361461799105093,12.786481347228298,19.881066338890832,25.00285883859001,0.3870267577331374,6,94,1107840.5999999999,1.4285714285714286
167,59,35.32934131736527,8,30.647076673190863,114.0032275244204,150.00868872189878,53,31.736526946107784,7.9913230652586025,12.346134268709253,20.059207561743595,24.338997457607228,0.4757370800695147,7,107,1335946.4999999998,1.3583333333333334
181,59,32.59668508287293,9,24.005672437241312,90.01172313426355,108.01490802365885,56,30.939226519337016,6.8003242895943306,11.197299119765152,18.547770281286052,22.842368109828293,0.36457964993207964,8,120,1553513.0999999999,1.237037037037037
158,50,31.645569620253166,10,30.87867964720755,100.01371782304156,168.61167501065253,43,27.21518987341772,7.203474458724336,11.591039612611022,20.278393388553315,25.065465460028562,0.5042585307818703,9,132,1780450.4999999998,1.2066666666666668
140,31,22.142857142857142,10,23.361018583177334,75.2649575599745,132.21384517752173,28,20.0,6.711013667297295,11.018583177335714,18.779526305106824,21.216619332313762,0.4267707570416037,10,133,2001976.1999999997,1.0533333333333332
155,47,30.322580645161292,10,25.901754844279722,75.0116063503878,158.41212846826096,41,26.451612903225808,7.033475659770958,11.432263634559616,21.520446407141684,26.7974290633399,0.4117752569659229,11,133,2235173.0999999996,0.9333333333333333
139,27,19.424460431654676,10,25.183963307035214,80.009080508746,138.6119593636938,22,15.827338129496402,7.029894203856579,11.301436531619826,19.39466180053701,24.03749388317571,0.360987951127018,12,136,2474817.3,1.0333333333333334
131,15,11.450381679389313,10,24.880592969072545,90.01229066681496,114.01539096773331,15,11.450381679389313,6.139495855149307,10.363961438960713,17.09172244720921,21.18934067588437,0.3348116119285719,13,129,2706116.4,0.9266666666666666
130,19,14.615384615384615,10,28.30350701051608,85.51977804509701,150.0117439936273,16,12.307692307692308,6.834577678267911,11.199318208384446,19.325221968815427,23.361796508519213,0.37512139343629275,14,131,2932233.3,0.8733333333333333
122,27,22.131147540983605,10,23.634368168395195,90.01374399572893,143.7154954414081,23,18.852459016393443,7.015013343920032,11.417348723056632,20.006476186279322,23.67417237518114,0.33282857703732416,15,123,3143797.5,0.8666666666666667
119,20,16.80672268907563,10,25.06984992603833,80.00738252075321,140.0100138481672,17,14.285714285714286,6.746543293072079,11.026396626561942,18.72588916968226,24.72060697535424,0.36444798387452687,16,122,3355551.0,0.8133333333333334
111,22,19.81981981981982,10,20.217720741223065,75.01039545355158,117.01351799108966,19,17.117117117117118,6.315050058593458,10.513534015861174,20.73359697954896,26.254407888150894,0.2604755776982746,17,119,3552427.2,0.7933333333333333
127,32,25.19685039370079,10,30.830689701282235,120.00963652531792,168.5136628895708,27,21.25984251968504,7.331752355606649,11.792063486958929,22.907536125496478,25.266763612573786,0.5165742601320469,18,118,3766435.2,0.74
128,26,20.3125,10,27.4641145215858,100.00956818407163,143.25555771197057,23,17.96875,6.69888890808471,10.989521585800642,20.177595893335784,22.810296682286516,0.35267975639571997,19,128,3981568.5,0.8466666666666667
151,37,24.503311258278146,10,27.084218893340687,95.01943343992272,155.0097528289398,31,20.52980132450331,7.127394642372917,11.37121122148096,21.12702169334532,25.29967014561153,0.391936019825944,20,136,4222147.5,0.8533333333333334
161,39,24.22360248447205,10,27.00531261016389,80.0142402633708,150.0142492584689,33,20.496894409937887,7.208072439217628,11.523790288112266,23.78823739712686,24.94503232600703,0.3813430615080448,21,138,4476651.6,1.0066666666666666
159,36,22.641509433962263,10,21.834676088192577,60.01716892976909,90.01378412365219,27,16.9811320754717,6.513102777978969,10.776717123392263,20.741402625531656,24.58523338202925,0.3713182026585702,22,134,4704161.399999999,1.0733333333333333
143,41,28.67132867132867,10,26.49425646377878,80.01058435087795,100.01177774550547,39,27.272727272727273,7.353953536267102,11.738981261296074,20.666158037768426,24.81815136814032,0.40263083959772167,23,134,4932751.199999999,1.06
194,65,33.50515463917526,10,29.294609214850144,90.01097607034772,150.0082649901985,60,30.927835051546392,6.784747814087295,11.104060210970504,20.297975834069412,25.41248538333947,0.41829256879280485,24,144,5221291.199999999,0.9533333333333334
182,50,27.47252747252747,10,34.192748885623544,120.00891328315781,180.00839926952548,46,25.274725274725274,7.119829241231204,11.430204304867333,20.74101234323252,25.012953370086144,0.40047033253843595,25,145,5522166.899999999,1.2933333333333332
218,68,31.192660550458715,10,36.63512243422261,141.51251562009074,196.61652158806373,63,28.89908256880734,6.887705508579367,11.26922321343308,20.06227479840433,25.38674663629522,0.5128873701613426,26,140,5831002.8,1.2133333333333334
287,125,43.55400696864111,10,33.052739198345506,120.00742747503742,180.00737447879644,120,41.81184668989547,6.5959397858335995,10.92735165561139,18.89601037863099,24.8108776644519,0.49771612448127567,27,138,6129901.8,1.4533333333333334
717,483,67.36401673640168,10,57.81592697281856,200.0090544586302,345.2085050714391,479,66.80613668061366,6.8000571978291156,11.184992344359259,20.079655806148516,24.827288932716126,0.5299787996016962,28,143,6659459.7,1.9133333333333333
263,105,39.92395437262358,10,35.0186783073993,120.00956333881427,150.01342150705776,102,38.78326996197718,6.659275863810868,11.073744661654326,20.449288309631715,28.33248821642313,0.4725334933184245,29,143,6946848.3,4.78
307,136,44.299674267100976,10,36.506193099343236,120.01330554460856,236.409378389817,128,41.693811074918564,6.753419803924456,11.079092828582533,20.739060931736848,24.90879042719661,0.5443923280929888,30,150,7290970.5,1.7533333333333334
295,131,44.40677966101695,10,37.725875148736684,150.0020987635428,214.21115262633128,126,42.71186440677966,6.38232280453522,10.620911448551466,20.582930252527735,24.808792096156566,0.4731750694710136,31,150,7629644.1,2.046666666666667
327,156,47.706422018348626,10,36.34425054389359,120.00939124324171,180.01173623444086,147,44.95412844036697,6.60481388664367,10.917210560252274,19.759530458917194,23.969323523552784,0.5229584342183329,32,150,7959648.899999999,1.9666666666666666
418,227,54.30622009569378,10,41.83343409917618,150.00641283005095,196.6093354390019,213,50.95693779904306,6.242154405042839,10.467591999148546,22.344617495615857,25.67406682308719,0.4783874121198232,33,150,8368090.499999999,2.18
349,172,49.2836676217765,10,36.821020042288254,125.00877051181851,200.01512395817153,168,48.137535816618914,5.926548258638876,10.13179013925425,18.303040613862365,24.032948378783512,0.5052322836297688,34,150,8684392.2,2.7866666666666666
354,163,46.045197740113,10,36.35500893419719,125.01473624254787,189.40808643637263,161,45.48022598870057,6.056852786675652,10.37616583559923,18.022109911361184,21.77100100810835,0.5068111130523578,35,150,9045031.799999999,2.3266666666666667
422,229,54.2654028436019,10,41.85925683377106,150.00646112799438,240.0118583606823,220,52.132701421800945,6.614134330989594,10.915601543576287,21.707502936084385,25.38674663629522,0.46516921053323096,36,150,9447322.499999998,2.36
412,222,53.883495145631066,10,44.66910297220677,150.01664078495045,235.6102293809915,212,51.45631067961165,6.983188448077428,11.335981915511173,22.497566826229704,24.650556119148227,0.53513224492784,37,150,9829804.499999998,2.8133333333333335
381,190,49.86876640419948,10,42.023522201093684,140.01466196359286,200.00747757299465,184,48.29396325459317,6.16853645455057,10.398841513632641,20.675509822399302,26.011619910788003,0.5490748468456321,38,150,10212169.499999998,2.7466666666666666
438,255,58.21917808219178,10,39.27318050893912,150.00593512766662,200.01472602615968,251,57.305936073059364,6.361183178114151,10.623431313554116,19.192009628538,24.12523006715627,0.5233203268998656,39,150,10560776.699999997,2.54
415,222,53.493975903614455,10,46.74285465364364,150.01747359718922,240.00879906175814,211,50.8433734939759,6.146096932367592,10.324533161714763,20.906294006301465,25.799089583645532,0.5416103628587831,40,150,10984802.999999998,2.92
424,226,53.301886792452834,10,38.45632331153099,120.0148584473899,200.00922070196287,218,51.41509433962264,6.280688268905052,10.568594549853016,19.373198321712426,25.25807136447202,0.568267679082598,41,144,11350757.699999997,2.7666666666666666
387,203,52.45478036175711,10,43.20971265258008,150.01401813700244,210.00983295199245,196,50.645994832041346,6.460814752395329,10.746244311346572,20.19787709915341,25.416183935871903,0.5476323392437864,42,144,11722115.099999998,2.8266666666666667
441,254,57.59637188208617,10,40.13087110968555,135.00973292157605,200.0155481017633,246,55.78231292517007,6.472619063947192,10.689703789854066,20.85999474345337,24.910454170073816,0.5352228716175376,43,144,12063320.099999998,2.58
422,228,54.02843601895734,10,45.837744543525105,150.01736359708897,270.01546928021884,218,51.65876777251185,6.3881181523871025,10.730325515621049,20.710814529232103,23.78823739712686,0.5779385004978589,44,147,12493570.499999998,2.94
412,218,52.9126213592233,10,41.013244803740484,125.01071290885086,197.8057322615951,212,51.45631067961165,6.508421032469063,10.81761927446866,21.066611219139368,24.82343521021086,0.4882051028951004,45,141,12864687.299999999,2.8133333333333335
431,237,54.988399071925755,10,40.05220866519213,125.01361031495622,180.00818336688397,228,52.90023201856148,6.093899221366473,10.445324124848815,20.09499857710681,24.71710341795509,0.5188856323995673,46,142,13216538.1,2.7466666666666666
372,190,51.075268817204304,10,39.586466757523795,150.01112001930193,250.0089501811728,177,47.58064516129032,6.818777485553703,11.197940319493755,22.630922216453143,25.771957218520434,0.47082191619496344,47,147,13607748.299999999,2.8733333333333335
420,226,53.80952380952381,10,40.75138375331397,135.7570024677002,232.4098345967883,218,51.904761904761905,6.598500161015759,10.90756283776905,19.572050467092286,24.032948378783512,0.5338293364200654,48,150,13988343.299999999,2.48
393,217,55.216284987277355,10,42.82344100020635,150.00692434285966,210.00668315553082,207,52.67175572519084,7.287283148932742,11.736165600743794,22.845472900336727,26.038728212351387,0.5226674361380815,49,150,14346038.999999998,2.8
415,210,50.602409638554214,10,37.39124347165943,121.5126846617726,179.30883129849056,208,50.12048192771084,6.185140280398417,10.520580093161518,19.3364167644517,24.00933470418481,0.4842930772585933,50,150,14719574.699999997,2.62
399,218,54.636591478696744,10,42.19877025100472,141.0137943395357,241.20804085090813,207,51.8796992481203,6.487646841016988,10.800326192684006,21.772580232731915,24.827288932716126,0.6232154844706352,51,150,15073438.499999998,2.7666666666666666
386,208,53.8860103626943,10,44.28556915555012,150.00933685261012,228.76164773738878,203,52.590673575129536,6.5522653216211735,10.957756586390174,19.595629583598306,24.517097641534054,0.6274833280431442,52,141,15405144.299999999,2.66
397,213,53.65239294710327,10,51.94806673920656,200.00596677464802,300.8121154403488,203,51.13350125944584,6.7299652813091795,11.039031397999828,20.675509822399302,24.13378076277431,0.594677771694519,53,139,15813335.1,2.5733333333333333
444,246,55.4054054054054,10,44.05359735717213,150.0092212254809,227.10960674369187,235,52.927927927927925,6.569874340634442,10.804564379342487,20.70799524521865,25.190036576484225,0.5596450734450149,54,150,16247418.6,2.6466666666666665
384,196,51.041666666666664,10,39.68260370178226,124.25852585234797,183.40904450726893,190,49.479166666666664,6.474890319794536,10.728701782262192,21.447592249409865,24.645390228922334,0.5311003523802015,55,150,16613302.2,2.96
409,212,51.83374083129584,10,37.813012106743685,120.01880422528723,209.20802087744775,207,50.61124694376528,6.668194235687768,11.056116523633126,19.161138407247577,23.297460815397947,0.5913372228521456,56,150,16976247.599999998,2.56
359,178,49.58217270194986,10,39.76809501334893,150.0069307796682,210.01156805049828,171,47.63231197771588,6.1517541026598215,10.434846218015773,19.36477788664643,24.28885062447623,0.5253347211211401,57,150,17305478.4,2.7266666666666666
416,229,55.04807692307692,10,41.90276037928059,150.00925846957588,240.01907949699248,223,53.60576923076923,6.62412157688623,10.933456203658912,20.059279977426396,25.38674663629522,0.5850073162071416,58,141,17656594.5,2.3933333333333335
402,212,52.7363184079602,10,39.66468128190687,134.50990927880858,249.9116090641348,209,51.99004975124378,6.115439641593197,10.452426185475643,18.14216636160599,23.487950650474392,0.5423605355964589,59,142,18010806.3,2.7733333333333334
394,212,53.807106598984774,10,41.211597278170224,136.75820278510628,181.41411217658958,207,52.53807106598985,6.721586376183735,11.089663957026238,18.8709961210911,24.162002890795705,0.6066120536056335,60,142,18346638.6,2.68
421,237,56.294536817102134,10,44.195888349604736,150.00762914746156,196.01195833620974,230,54.63182897862233,6.26316912446381,10.615190459838233,19.54092924074859,22.463887611127923,0.5627631601803174,61,143,18710440.8,2.6266666666666665
396,199,50.25252525252525,10,38.318843055979976,140.010548128607,201.2611231927785,190,47.97979797979798,6.434312475201135,10.762247899169472,20.73359697954896,24.032948378783512,0.47721219558192446,62,144,19089859.8,2.8066666666666666
436,242,55.5045871559633,10,45.13442550563031,150.00809992225345,266.26020350781886,235,53.89908256880734,6.2971480898488466,10.572294621128716,18.891009615589226,24.43439341002056,0.5607619492144723,63,144,19464409.2,2.64
382,193,50.52356020942408,10,38.510659700081135,120.0118755524104,200.00818818673977,184,48.167539267015705,6.372409138726834,10.659700081139404,18.76751433514131,24.310326559143125,0.5021930146265151,64,141,19826037.599999998,2.9066666666666667
438,243,55.47945205479452,10,43.47642339318915,150.00645591730796,240.01181034351322,239,54.5662100456621,6.438716165560292,10.669968531617453,19.080792327340323,24.761897791696004,0.5656460862585149,65,142,20194912.499999996,2.546666666666667
398,213,53.517587939698494,10,40.33753868069792,140.00775142966273,240.31489351143466,206,51.75879396984924,6.651845442417526,10.905514868771661,22.09720273173552,25.39305462906165,0.5102553685284309,66,142,20538524.699999996,2.92
405,217,53.58024691358025,10,40.53883083409252,148.00939031446745,278.4006262547319,213,52.592592592592595,6.2835787155833165,10.435772364133662,18.259835576478945,24.650223451980562,0.5540613048921169,67,143,20883009.599999994,2.6533333333333333
448,250,55.80357142857143,10,44.72001724003739,150.01594075553788,210.01601954404865,246,54.910714285714285,6.033059456702905,10.19581146596522,17.6958317817563,24.403652874711995,0.5818196676908706,68,143,21261710.099999994,2.7
417,236,56.594724220623505,10,37.8907924763236,128.0102122246713,237.60843057616415,229,54.91606714628298,6.3489153104817415,10.696553062206085,21.09466508353387,24.76825258747075,0.5323120117019124,69,145,21615788.099999994,2.986666666666667
422,231,54.73933649289099,10,42.357252695905125,150.00664294990233,207.90816001062043,218,51.65876777251185,6.990701920842072,11.281131924087255,21.739669366057395,25.26926051854362,0.5083184457335799,70,145,21995277.299999993,2.78
433,240,55.42725173210162,10,40.354712819878436,140.01068636687057,206.8109456967354,233,53.81062355658199,6.300102080823815,10.601965374967625,18.595423486124755,24.983061334170767,0.5920120043246346,71,145,22351192.19999999,2.8133333333333335
378,188,49.735449735449734,10,34.63790817593639,100.77241291093756,186.90943597625798,182,48.148148148148145,6.6405559737039495,10.92404895226379,20.785633167926473,25.18295384390243,0.5014609942068389,72,142,22682264.999999993,2.8866666666666667
422,232,54.976303317535546,10,42.23614435364395,150.00882967796275,295.8069786389192,224,53.08056872037915,6.7612929489983085,11.025870231635073,21.021529394032214,24.692687404760882,0.5505315753426575,73,144,23066841.89999999,2.52
447,257,57.49440715883669,10,42.83885567553449,150.02477133365065,286.20781738491786,247,55.257270693512304,6.758103865782003,11.115183364465672,21.058346634116162,24.650556119148227,0.6063319156089182,74,150,23455343.39999999,2.8133333333333335
394,209,53.045685279187815,10,36.11772214516003,120.00229171580919,175.35889939083,205,52.03045685279188,6.762327217483332,11.123160388458697,19.36477788664643,24.662633872298223,0.5399094876806982,75,150,23795964.29999999,2.98
375,194,51.733333333333334,10,42.861777991988745,150.01312644660618,206.52294764442058,185,49.333333333333336,6.757041973789708,11.11132532207272,21.44201453033516,24.965897661645602,0.5067575045664006,76,150,24164930.39999999,2.6266666666666665
474,280,59.07172995780591,10,44.3276131817654,160.00981086418238,270.01113444454734,272,57.38396624472574,6.783050499425304,11.157485562863823,20.741402625531656,25.38674663629522,0.6036845116981241,77,142,24549911.999999993,2.5
422,229,54.2654028436019,10,45.51836018220593,160.00756205830857,247.9095488417879,222,52.60663507109005,6.838882164882559,11.251177466588967,21.74996005432562,24.105850912597994,0.5602989126589024,78,143,24936794.099999994,3.16
432,240,55.55555555555556,10,39.81631201981665,122.26095551587439,206.9146444764538,231,53.47222222222222,6.505124468245634,10.756464261091022,20.51291244162461,23.525629994387465,0.5235069267527116,79,144,25314119.099999994,2.8133333333333335
444,247,55.630630630630634,10,44.25196632867217,150.0070654219961,200.0155307325911,238,53.6036036036036,6.628364783521692,10.975337681175217,19.36477788664643,23.78823739712686,0.5562308218238217,80,141,25693842.899999995,2.88
421,221,52.49406175771971,10,38.6214602728128,125.0082919895493,180.022966584681,212,50.3562945368171,6.683921053609884,11.008966399495009,21.34203954086951,24.612500781062202,0.5056492853050688,81,150,26086234.799999993,2.96
395,203,51.392405063291136,10,38.249029439483515,120.0111099910599,200.00951961847986,193,48.860759493670884,6.792711491952271,11.054755939208839,21.819580485166917,24.792255091759163,0.493986661252503,82,145,26437377.899999995,2.8066666666666666
343,167,48.68804664723032,10,34.32901840325458,120.01229290722173,150.01297439955044,161,46.93877551020408,6.915481827903491,11.234146694817358,20.51291244162461,24.28838225589924,0.5165807808652053,83,147,26769605.999999996,2.6333333333333333
353,177,50.141643059490086,10,34.53817880647238,120.00671416009756,150.01279441344062,171,48.44192634560906,6.888288554055927,11.266625169262632,19.53903348826352,24.69186387943616,0.47112551586232304,84,140,27082203.899999995,2.2866666666666666
333,152,45.645645645645644,10,33.56372523837869,120.00972321642973,180.00929562822296,143,42.94294294294294,6.818171495122842,11.172685826131056,21.59526901871876,24.81322653526942,0.4678065058708854,85,142,27410862.299999993,2.3533333333333335
374,189,50.53475935828877,10,41.04656968640494,131.76028678980637,210.8141985213587,181,48.39572192513369,7.399814021517861,11.81032811617132,22.824636787308734,24.827288932716126,0.5305929516404693,86,142,27760790.399999995,2.22
313,143,45.68690095846645,10,35.04321255377601,120.0053498582554,158.80956875242188,135,43.13099041533546,6.887120283718257,11.26367198687114,21.59526901871876,24.36327616123025,0.43680517818722414,87,141,28080491.099999994,2.493333333333333
308,139,45.12987012987013,10,35.507971009138764,120.00696381900094,179.6590635796916,132,42.857142857142854,6.918742844874529,11.217762385519922,21.642033150954436,25.748816688672854,0.5073126692754817,88,142,28414655.699999996,2.0866666666666664
318,145,45.59748427672956,10,31.322005251359844,100.01283126695675,150.00992988952157,143,44.9685534591195,6.391804130002715,10.684496642854667,19.381562634893843,23.288381886380318,0.5035939154291732,89,142,28710247.799999997,2.0533333333333332
292,123,42.12328767123287,10,33.925750992859065,120.01716597793461,181.81555655788821,116,39.726027397260275,7.017259773153071,11.367431215233294,20.615733024382777,25.59701306184297,0.5052770951783613,90,142,29033636.099999998,2.12
362,182,50.27624309392265,10,40.70985275004854,149.5129639071302,243.9099039922237,179,49.447513812154696,6.607648952606403,10.957722424230692,19.66964137010467,24.650556119148227,0.5412144596055424,91,142,29361263.7,1.9466666666666668
826,591,71.5496368038741,10,53.776206495744844,180.00708311186645,247.510916003928,583,70.58111380145279,6.715099499869045,11.073323832017177,20.550417173416367,24.57249862027503,0.4415707439156634,92,143,29886084.599999998,2.4133333333333336
303,132,43.56435643564357,10,31.84608491179559,120.00759357407813,159.80926576621403,125,41.254125412541256,6.7638581172173575,11.101413445758205,21.688797283190112,24.638294874428787,0.393831810064475,93,143,30193182.299999997,5.506666666666667
261,109,41.76245210727969,10,33.949317300875755,120.00863284577245,244.00990186558917,103,39.46360153256705,6.279092798701555,10.619982868091116,21.036272908163827,24.3320338162764,0.5505823398225939,94,143,30490113.9,2.02
207,71,34.29951690821256,10,33.05507665232734,114.01102900875232,178.80892724810596,64,30.917874396135264,7.146296138096426,11.59839145775878,21.415331149123745,24.338997457607228,0.45133614922888443,95,150,30787883.099999998,1.74
